google_name,epass_name,osm_id,osm_name,distance_to_origin,origin_osm_id,origin_osm_name,latitude,longitude,google_maps_url,origin_osm_latitude,origin_osm_longitude
Trạm thu phí An Dân,An Dân (Thạch Bàn),8436783101,Trạm thu phí An Dân,0.0,8436783101,Trạm Thu Phí An Dân (Thạch Bàn),13.349179799716865,109.2081907,https://www.google.com/maps/place/Tr%E1%BA%A1m+Thu+phi%CC%81+An+D%C3%A2n/data=!4m7!3m6!1s0x316f97f5d5f6dcdb:0x275f9ed572d5b048!8m2!3d13.3492996!4d109.2083086!16s%2Fg%2F11f2wfdyp0!19sChIJ29z21fWXbzERSLDVctWeXyc?authuser=0&hl=vi&rclk=1,13.349179799716865,109.20819069999999
Trạm thu phí An Dân,An Dân (Thạch Bàn),8436783101,Trạm thu phí An Dân,39.1,8436783100,Trạm Thu Phí An Dân (Thạch Bàn),13.349179799716865,109.2081907,https://www.google.com/maps/place/Tr%E1%BA%A1m+Thu+phi%CC%81+An+D%C3%A2n/data=!4m7!3m6!1s0x316f97f5d5f6dcdb:0x275f9ed572d5b048!8m2!3d13.3492996!4d109.2083086!16s%2Fg%2F11f2wfdyp0!19sChIJ29z21fWXbzERSLDVctWeXyc?authuser=0&hl=vi&rclk=1,13.349427999716893,109.208447
Trạm thu phí An Sương - An Lạc,An Sương - An Lạc,1101467778,Trạm thu phí An Sương - An Lạc,12.3,2241417026,Trạm Thu Phí An Sương - An Lạc,10.79502456083986,106.59663958436786,"https://www.google.com/maps/place/Tr%E1%BA%A1m+thu+ph%C3%AD+An+S%C6%B0%C6%A1ng+-+An+L%E1%BA%A1c/@10.7949827,106.5966321,17z/data=!3m1!4b1!4m6!3m5!1s0x31752b882c626f87:0xc3fe29f53512493a!8m2!3d10.7949827!4d106.5966321!16s%2Fg%2F11gbh_x9_3?entry=ttu&g_ep=EgoyMDI2MDYwMS4wIKXMDSoASAFQAw%3D%3D",10.795020899484363,106.5965273
Trạm thu phí An Sương - An Lạc,An Sương - An Lạc,1101467778,Trạm thu phí An Sương - An Lạc,12.8,2241417025,Trạm Thu Phí An Sương - An Lạc,10.79502456083986,106.59663958436786,"https://www.google.com/maps/place/Tr%E1%BA%A1m+thu+ph%C3%AD+An+S%C6%B0%C6%A1ng+-+An+L%E1%BA%A1c/@10.7949827,106.5966321,17z/data=!3m1!4b1!4m6!3m5!1s0x31752b882c626f87:0xc3fe29f53512493a!8m2!3d10.7949827!4d106.5966321!16s%2Fg%2F11gbh_x9_3?entry=ttu&g_ep=EgoyMDI2MDYwMS4wIKXMDSoASAFQAw%3D%3D",10.79498029948436,106.59674809999999
Trạm thu phí Đường chuyên dùng vận chuyển VLXD Phước Tân (Trạm Phước Tân),An Thuận Phát (Phước Tân),10823778103,Trạm thu phí Đường chuyên dùng vận chuyển VLXD Phước Tân (Trạm Phước Tân),0.0,10823778103,Trạm Thu Phí An Thuận Phát (Phước Tân),10.87959379949014,106.911847,https://www.google.com/maps/place/Tr%E1%BA%A1m+thu+ph%C3%AD+%C4%90%C6%B0%E1%BB%9Dng+chuy%C3%AAn+d%C3%B9ng+v%E1%BA%ADn+chuy%E1%BB%83n+VLXD+Ph%C6%B0%E1%BB%9Bc+T%C3%A2n+%28Tr%E1%BA%A1m+Ph%C6%B0%E1%BB%9Bc+T%C3%A2n%29/data=!4m7!3m6!1s0x3174df4ec25b8d53:0x4f3f9ca0ac17db93!8m2!3d10.879647!4d106.9118607!16s%2Fg%2F11nmflk_33!19sChIJU41bwk7fdDERk9sXrKCcP08?authuser=0&hl=vi&rclk=1,10.87959379949014,106.911847
Trạm thu phí Đường chuyên dùng vận chuyển VLXD Phước Tân (Trạm Phước Tân),An Thuận Phát (Phước Tân),10823778103,Trạm thu phí Đường chuyên dùng vận chuyển VLXD Phước Tân (Trạm Phước Tân),13.3,10823778102,Trạm Thu Phí An Thuận Phát (Phước Tân),10.87959379949014,106.911847,https://www.google.com/maps/place/Tr%E1%BA%A1m+thu+ph%C3%AD+%C4%90%C6%B0%E1%BB%9Dng+chuy%C3%AAn+d%C3%B9ng+v%E1%BA%ADn+chuy%E1%BB%83n+VLXD+Ph%C6%B0%E1%BB%9Bc+T%C3%A2n+%28Tr%E1%BA%A1m+Ph%C6%B0%E1%BB%9Bc+T%C3%A2n%29/data=!4m7!3m6!1s0x3174df4ec25b8d53:0x4f3f9ca0ac17db93!8m2!3d10.879647!4d106.9118607!16s%2Fg%2F11nmflk_33!19sChIJU41bwk7fdDERk9sXrKCcP08?authuser=0&hl=vi&rclk=1,10.879675199490144,106.91193569999999
Trạm thu phí Quốc lộ 17B,BOT Quốc Lộ 17B,2174037722,Trạm thu phí Quốc lộ 17B,0.0,2174037722,Trạm Thu Phí BOT Quốc Lộ 17B,20.96477320040369,106.5191774,https://www.google.com/maps/place/Tr%E1%BA%A1m+Thu+ph%C3%AD+Qu%E1%BB%91c+l%E1%BB%99+17B/data=!4m7!3m6!1s0x313580bd850df097:0x301fe632558d0a1d!8m2!3d20.9647965!4d106.5191627!16s%2Fg%2F11b682ndvk!19sChIJl_ANhb2ANTERHQqNVTLmHzA?authuser=0&hl=vi&rclk=1,20.964773200403695,106.5191774
Trạm thu phí Quốc lộ 17B,BOT Quốc Lộ 17B,2174037722,Trạm thu phí Quốc lộ 17B,10.3,10206196266,Trạm Thu Phí BOT Quốc Lộ 17B,20.96477320040369,106.5191774,https://www.google.com/maps/place/Tr%E1%BA%A1m+Thu+ph%C3%AD+Qu%E1%BB%91c+l%E1%BB%99+17B/data=!4m7!3m6!1s0x313580bd850df097:0x301fe632558d0a1d!8m2!3d20.9647965!4d106.5191627!16s%2Fg%2F11b682ndvk!19sChIJl_ANhb2ANTERHQqNVTLmHzA?authuser=0&hl=vi&rclk=1,20.96485260040369,106.51912709999999
Trạm Thu phí Bình Thung,Bình Thung,1010875691,Trạm Thu Phí Bình Thung,4.4,9326222156,Trạm Thu Phí Bình Thung,10.907618060148613,106.79102643896864,https://www.google.com/maps/place/Tr%E1%BA%A1m+Thu+ph%C3%AD+B%C3%ACnh+Thung/data=!4m7!3m6!1s0x3174d8ca55555555:0xa12a30fc88753886!8m2!3d10.9076387!4d106.7909879!16s%2Fg%2F1tj5hn2n!19sChIJVVVVVcrYdDERhjh1iPwwKqE?authuser=0&hl=vi&rclk=1,10.90758249949208,106.7910083
Trạm Thu phí Bình Thung,Bình Thung,1010875691,Trạm Thu Phí Bình Thung,6.3,9326222155,Trạm Thu Phí Bình Thung,10.907618060148613,106.79102643896864,https://www.google.com/maps/place/Tr%E1%BA%A1m+Thu+ph%C3%AD+B%C3%ACnh+Thung/data=!4m7!3m6!1s0x3174d8ca55555555:0xa12a30fc88753886!8m2!3d10.9076387!4d106.7909879!16s%2Fg%2F1tj5hn2n!19sChIJVVVVVcrYdDERhjh1iPwwKqE?authuser=0&hl=vi&rclk=1,10.90767329949209,106.7910406
Trạm Thu Phí Nút Giao Ba Bàu,Bình Thuận,1482439056,Trạm Thu phí Ba Bàu,5.1,13594672376,Trạm Thu phí Ba Bàu,10.932602371898122,107.96800349083978,https://www.google.com/maps/place/Tr%E1%BA%A1m+Thu+Ph%C3%AD+N%C3%BAt+Giao+Ba+B%C3%A0u/data=!4m7!3m6!1s0x3174290072516a39:0xbbd6693db0a095e3!8m2!3d10.9325855!4d107.9679958!16s%2Fg%2F11z4vpnr5n!19sChIJOWpRcgApdDER45WgsD1p1rs?authuser=0&hl=vi&rclk=1,10.932580999493831,107.96796249999998
Trạm Thu Phí Nút Giao Ba Bàu,Bình Thuận,1482439056,Trạm Thu phí Ba Bàu,5.3,13594672377,Trạm Thu phí Ba Bàu,10.932602371898122,107.96800349083978,https://www.google.com/maps/place/Tr%E1%BA%A1m+Thu+Ph%C3%AD+N%C3%BAt+Giao+Ba+B%C3%A0u/data=!4m7!3m6!1s0x3174290072516a39:0xbbd6693db0a095e3!8m2!3d10.9325855!4d107.9679958!16s%2Fg%2F11z4vpnr5n!19sChIJOWpRcgApdDER45WgsD1p1rs?authuser=0&hl=vi&rclk=1,10.932592299493834,107.9680512
Trạm thu phí Bạc Liêu,Bạc Liêu,10198627130,Trạm thu phí Bạc Liêu,0.0,10198627130,Trạm Thu Phí Bạc Liêu,9.374107199412157,105.7122544,https://www.google.com/maps/place/Tr%E1%BA%A1m+Thu+ph%C3%AD+B%E1%BA%A1c+Li%C3%AAu/data=!4m7!3m6!1s0x31a10618864342cf:0xdba2f305ec5244bb!8m2!3d9.3743521!4d105.7122771!16s%2Fg%2F11c6rfwy2c!19sChIJz0JDhhgGoTERu0RS7AXzots?authuser=0&hl=vi&rclk=1,9.374107199412157,105.7122544
Trạm thu phí Bạc Liêu,Bạc Liêu,10198627130,Trạm thu phí Bạc Liêu,13.8,10198627129,Trạm Thu Phí Bạc Liêu,9.374107199412157,105.7122544,https://www.google.com/maps/place/Tr%E1%BA%A1m+Thu+ph%C3%AD+B%E1%BA%A1c+Li%C3%AAu/data=!4m7!3m6!1s0x31a10618864342cf:0xdba2f305ec5244bb!8m2!3d9.3743521!4d105.7122771!16s%2Fg%2F11c6rfwy2c!19sChIJz0JDhhgGoTERu0RS7AXzots?authuser=0&hl=vi&rclk=1,9.374103999412158,105.71238
Trạm thu phí Bắc Bình Định,Bắc Bình Định,8432045544,Trạm thu phí Bắc Bình Định,0.0,8432045544,Trạm Thu Phí Bắc Bình Định,14.397198499836245,109.01778799999998,https://www.google.com/maps/place/Tr%E1%BA%A1m+Thu+ph%C3%AD+B%E1%BA%AFc+B%C3%ACnh+%C4%90%E1%BB%8Bnh/data=!4m7!3m6!1s0x3168cfc13d831721:0x6adeb85cc894a565!8m2!3d14.3971237!4d109.0178425!16s%2Fg%2F11f15ht1rt!19sChIJIReDPcHPaDERZaWUyFy43mo?authuser=0&hl=vi&rclk=1,14.397198499836245,109.01778799999998
Trạm thu phí Bắc Bình Định,Bắc Bình Định,8432045544,Trạm thu phí Bắc Bình Định,15.9,8432045543,Trạm Thu Phí Bắc Bình Định,14.397198499836245,109.01778799999998,https://www.google.com/maps/place/Tr%E1%BA%A1m+Thu+ph%C3%AD+B%E1%BA%AFc+B%C3%ACnh+%C4%90%E1%BB%8Bnh/data=!4m7!3m6!1s0x3168cfc13d831721:0x6adeb85cc894a565!8m2!3d14.3971237!4d109.0178425!16s%2Fg%2F11f15ht1rt!19sChIJIReDPcHPaDERZaWUyFy43mo?authuser=0&hl=vi&rclk=1,14.397263699836255,109.01791899999999
Trạm thu phí Cầu Hồ,Bắc Ninh Hải Dương,6862997895,Trạm thu phí Cầu Hồ,0.0,6862997895,Trạm Thu Phí Bắc Ninh Hải Dương,21.08015440040572,106.0921856,https://www.google.com/maps/place/Tr%E1%BA%A1m+Thu+ph%C3%AD+C%E1%BA%A7u+H%E1%BB%93/data=!4m7!3m6!1s0x31350a743345856d:0xc86375b32c403a72!8m2!3d21.0801386!4d106.0921654!16s%2Fg%2F11gh03_18k!19sChIJbYVFM3QKNTERcjpALLN1Y8g?authuser=0&hl=vi&rclk=1,21.08015440040572,106.0921856
Trạm thu phí Cầu Hồ,Bắc Ninh Hải Dương,6862997895,Trạm thu phí Cầu Hồ,5.9,12309550425,Trạm Thu Phí Bắc Ninh Hải Dương,21.08015440040572,106.0921856,https://www.google.com/maps/place/Tr%E1%BA%A1m+Thu+ph%C3%AD+C%E1%BA%A7u+H%E1%BB%93/data=!4m7!3m6!1s0x31350a743345856d:0xc86375b32c403a72!8m2!3d21.0801386!4d106.0921654!16s%2Fg%2F11gh03_18k!19sChIJbYVFM3QKNTERcjpALLN1Y8g?authuser=0&hl=vi&rclk=1,21.08016400040572,106.09224119999999
Trạm thu phí Cầu Hồ,Bắc Ninh Hải Dương,6862997895,Trạm thu phí Cầu Hồ,12.6,12288441186,Trạm Thu Phí Bắc Ninh Hải Dương,21.08015440040572,106.0921856,https://www.google.com/maps/place/Tr%E1%BA%A1m+Thu+ph%C3%AD+C%E1%BA%A7u+H%E1%BB%93/data=!4m7!3m6!1s0x31350a743345856d:0xc86375b32c403a72!8m2!3d21.0801386!4d106.0921654!16s%2Fg%2F11gh03_18k!19sChIJbYVFM3QKNTERcjpALLN1Y8g?authuser=0&hl=vi&rclk=1,21.080179300405717,106.0923036
Trạm thu phí Cầu Hồ,Bắc Ninh Hải Dương,6862997895,Trạm thu phí Cầu Hồ,15.1,6862997896,Trạm Thu Phí Bắc Ninh Hải Dương,21.08015440040572,106.0921856,https://www.google.com/maps/place/Tr%E1%BA%A1m+Thu+ph%C3%AD+C%E1%BA%A7u+H%E1%BB%93/data=!4m7!3m6!1s0x31350a743345856d:0xc86375b32c403a72!8m2!3d21.0801386!4d106.0921654!16s%2Fg%2F11gh03_18k!19sChIJbYVFM3QKNTERcjpALLN1Y8g?authuser=0&hl=vi&rclk=1,21.080025100405717,106.09214269999998
Trạm thu phí Cầu Hồ,Bắc Ninh Hải Dương,6862997895,Trạm thu phí Cầu Hồ,18.5,12309550435,Trạm Thu Phí Bắc Ninh Hải Dương,21.08015440040572,106.0921856,https://www.google.com/maps/place/Tr%E1%BA%A1m+Thu+ph%C3%AD+C%E1%BA%A7u+H%E1%BB%93/data=!4m7!3m6!1s0x31350a743345856d:0xc86375b32c403a72!8m2!3d21.0801386!4d106.0921654!16s%2Fg%2F11gh03_18k!19sChIJbYVFM3QKNTERcjpALLN1Y8g?authuser=0&hl=vi&rclk=1,21.080014100405716,106.0920903
Trạm thu phí Cầu Hồ,Bắc Ninh Hải Dương,6862997895,Trạm thu phí Cầu Hồ,23.4,12288441185,Trạm Thu Phí Bắc Ninh Hải Dương,21.08015440040572,106.0921856,https://www.google.com/maps/place/Tr%E1%BA%A1m+Thu+ph%C3%AD+C%E1%BA%A7u+H%E1%BB%93/data=!4m7!3m6!1s0x31350a743345856d:0xc86375b32c403a72!8m2!3d21.0801386!4d106.0921654!16s%2Fg%2F11gh03_18k!19sChIJbYVFM3QKNTERcjpALLN1Y8g?authuser=0&hl=vi&rclk=1,21.079999500405712,106.0920327
Trạm thu phí Bắc Thăng Long - Nội Bài,Bắc Thăng Long - Nội Bài,12369764927,Trạm Thu Phí Bắc Thăng Long - Nội Bài,0.0,12369764927,Trạm Thu Phí Bắc Thăng Long - Nội Bài,21.203349700407465,105.7797789,https://www.google.com/maps/place/Tr%E1%BA%A1m+Thu+ph%C3%AD+B%E1%BA%AFc+Th%C4%83ng+Long+-+N%E1%BB%99i+B%C3%A0i/data=!4m7!3m6!1s0x3134fd51f7b40205:0x440a3d15bb1842f3!8m2!3d21.2031777!4d105.7795302!16s%2Fg%2F11h40yh90n!19sChIJBQK091H9NDER80IYuxU9CkQ?authuser=0&hl=vi&rclk=1,21.203349700407465,105.7797789
Trạm thu phí Bắc Thăng Long - Nội Bài,Bắc Thăng Long - Nội Bài,12369764927,Trạm Thu Phí Bắc Thăng Long - Nội Bài,16.8,439439986,Trạm Thu Phí Bắc Thăng Long - Nội Bài,21.203349700407465,105.7797789,https://www.google.com/maps/place/Tr%E1%BA%A1m+Thu+ph%C3%AD+B%E1%BA%AFc+Th%C4%83ng+Long+-+N%E1%BB%99i+B%C3%A0i/data=!4m7!3m6!1s0x3134fd51f7b40205:0x440a3d15bb1842f3!8m2!3d21.2031777!4d105.7795302!16s%2Fg%2F11h40yh90n!19sChIJBQK091H9NDER80IYuxU9CkQ?authuser=0&hl=vi&rclk=1,21.203370300407464,105.7799396
Trạm thu phí Bến Lức,Bến Lức,2214428847,Trạm thu phí Bến Lức,0.0,2214428847,Trạm thu phí Bến Lức,10.656030899475216,106.4734695,https://www.google.com/maps/place/Tr%E1%BA%A1m+Thu+ph%C3%AD+B%E1%BA%BFn+L%E1%BB%A9c/data=!4m7!3m6!1s0x310acc44f1408137:0x25a2bd0beb48c647!8m2!3d10.6560048!4d106.4735373!16s%2Fg%2F11cmfdvktc!19sChIJN4FA8UTMCjERR8ZI6wu9oiU?authuser=0&hl=vi&rclk=1,10.656030899475217,106.4734695
Trạm thu phí Bến Lức,Bến Lức,2214428847,Trạm thu phí Bến Lức,14.4,2214428862,Trạm thu phí Bến Lức,10.656030899475216,106.4734695,https://www.google.com/maps/place/Tr%E1%BA%A1m+Thu+ph%C3%AD+B%E1%BA%BFn+L%E1%BB%A9c/data=!4m7!3m6!1s0x310acc44f1408137:0x25a2bd0beb48c647!8m2!3d10.6560048!4d106.4735373!16s%2Fg%2F11cmfdvktc!19sChIJN4FA8UTMCjERR8ZI6wu9oiU?authuser=0&hl=vi&rclk=1,10.656111099475224,106.4735727
Trạm thu phí Bến Thủy,Bến Thủy 1,10198878792,Trạm thu phí Bến Thủy,0.0,10198878792,Trạm Thu Phí Bến Thủy 1,18.648599900288502,105.7045709,https://www.google.com/maps/place/Tr%E1%BA%A1m+Thu+Ph%C3%AD+B%E1%BA%BFn+Th%E1%BB%A7y/data=!4m7!3m6!1s0x3139cc309e138d9d:0xa556f73630796640!8m2!3d18.6486115!4d105.7045906!16s%2Fg%2F11bccmh4x4!19sChIJnY0TnjDMOTERQGZ5MDb3VqU?authuser=0&hl=vi&rclk=1,18.648599900288506,105.70457090000001
Trạm thu phí Bến Thủy,Bến Thủy 1,10198878792,Trạm thu phí Bến Thủy,10.7,10198878791,Trạm Thu Phí Bến Thủy 1,18.648599900288502,105.7045709,https://www.google.com/maps/place/Tr%E1%BA%A1m+Thu+Ph%C3%AD+B%E1%BA%BFn+Th%E1%BB%A7y/data=!4m7!3m6!1s0x3139cc309e138d9d:0xa556f73630796640!8m2!3d18.6486115!4d105.7045906!16s%2Fg%2F11bccmh4x4!19sChIJnY0TnjDMOTERQGZ5MDb3VqU?authuser=0&hl=vi&rclk=1,18.64867480028851,105.7046345
Trạm thu phí Cầu Bến Thuỷ 2,Bến Thủy 2,10198877242,Trạm thu phí Cầu Bến Thuỷ 2,0.0,10198877242,Trạm Thu Phí Bến Thủy 2,18.640936300287912,105.6991218,https://www.google.com/maps/place/Tr%E1%BA%A1m+Thu+ph%C3%AD+C%E1%BA%A7u+B%E1%BA%BFn+Thu%E1%BB%B7+2/data=!4m7!3m6!1s0x3139cc233b3e30d5:0x4de96a2f8b014877!8m2!3d18.6408002!4d105.6990692!16s%2Fg%2F11fzf13zck!19sChIJ1TA-OyPMOTERd0gBiy9q6U0?authuser=0&hl=vi&rclk=1,18.640936300287912,105.69912180000001
Trạm thu phí Cầu Bến Thuỷ 2,Bến Thủy 2,10198877242,Trạm thu phí Cầu Bến Thuỷ 2,31.6,10198877241,Trạm Thu Phí Bến Thủy 2,18.640936300287912,105.6991218,https://www.google.com/maps/place/Tr%E1%BA%A1m+Thu+ph%C3%AD+C%E1%BA%A7u+B%E1%BA%BFn+Thu%E1%BB%B7+2/data=!4m7!3m6!1s0x3139cc233b3e30d5:0x4de96a2f8b014877!8m2!3d18.6408002!4d105.6990692!16s%2Fg%2F11fzf13zck!19sChIJ1TA-OyPMOTERd0gBiy9q6U0?authuser=0&hl=vi&rclk=1,18.64111220028792,105.69888609999998
Trạm thu phí Cai Chanh,Cai Chanh,1410065457,Trạm thu phí BOT Đắk Nông,3.8,10208878397,Trạm Thu Phí Cai Chanh,11.912202600854188,107.39056248469794,"https://www.google.com/maps/place/Tr%E1%BA%A1m+Thu+ph%C3%AD+Cai+Chanh/@11.9121874,107.3905139,17z/data=!3m1!4b1!4m6!3m5!1s0x3173a3074e16a48d:0xb547db8093c4d94a!8m2!3d11.9121874!4d107.3905139!16s%2Fg%2F11gy7fgyqd?entry=ttu&g_ep=EgoyMDI2MDYwMS4wIKXMDSoASAFQAw%3D%3D",11.912234599572459,107.39057499999998
Trạm thu phí Cai Chanh,Cai Chanh,1410065457,Trạm thu phí BOT Đắk Nông,23.8,10208878402,Trạm Thu Phí Cai Chanh,11.912202600854188,107.39056248469794,"https://www.google.com/maps/place/Tr%E1%BA%A1m+Thu+ph%C3%AD+Cai+Chanh/@11.9121874,107.3905139,17z/data=!3m1!4b1!4m6!3m5!1s0x3173a3074e16a48d:0xb547db8093c4d94a!8m2!3d11.9121874!4d107.3905139!16s%2Fg%2F11gy7fgyqd?entry=ttu&g_ep=EgoyMDI2MDYwMS4wIKXMDSoASAFQAw%3D%3D",11.912062499572444,107.3907281
Trạm thu phí Cai Lậy,Cai Lậy - QL1,1017066822,Trạm thu phí Cai Lậy,13.0,9381053362,Trạm Thu Phí Cai Lậy - QL1,10.410184194612592,106.06065573378643,https://www.google.com/maps/place/Tr%E1%BA%A1m+Thu+ph%C3%AD+Cai+L%E1%BA%ADy/data=!4m7!3m6!1s0x310a90ca7c470ed9:0x319f12b56fc96bc!8m2!3d10.4101123!4d106.0605441!16s%2Fg%2F11fy4htjk8!19sChIJ2Q5HfMqQCjERvJb8VivxGQM?authuser=0&hl=vi&rclk=1,10.410088099460092,106.06072319999998
Trạm thu phí Cai Lậy,Cai Lậy - QL1,1017066822,Trạm thu phí Cai Lậy,14.0,9196802342,Trạm Thu Phí Cai Lậy - QL1,10.410184194612592,106.06065573378643,https://www.google.com/maps/place/Tr%E1%BA%A1m+Thu+ph%C3%AD+Cai+L%E1%BA%ADy/data=!4m7!3m6!1s0x310a90ca7c470ed9:0x319f12b56fc96bc!8m2!3d10.4101123!4d106.0605441!16s%2Fg%2F11fy4htjk8!19sChIJ2Q5HfMqQCjERvJb8VivxGQM?authuser=0&hl=vi&rclk=1,10.410297899460105,106.0606015
Trạm thu phí tuyến tránh TX Cai Lậy,Cai Lậy - Tuyến tránh,1225571951,Trạm thu phí Tuyến tránh Cai Lậy,1.4,11365543153,Trạm Thu Phí Cai Lậy - Tuyến tránh,10.393384086706927,106.1438217759597,https://www.google.com/maps/place/Tr%E1%BA%A1m+thu+ph%C3%AD+tuy%E1%BA%BFn+tr%C3%A1nh+TX+Cai+L%E1%BA%ADy/data=!4m7!3m6!1s0x310a9745e895c9b7:0x9107f9de80fd217b!8m2!3d10.3933064!4d106.1435517!16s%2Fg%2F11sr6kszy0!19sChIJt8mV6EWXCjEReyH9gN75B5E?authuser=0&hl=vi&rclk=1,10.39338119945912,106.143834
Trạm thu phí tuyến tránh TX Cai Lậy,Cai Lậy - Tuyến tránh,1225571951,Trạm thu phí Tuyến tránh Cai Lậy,137.7,11365543157,Trạm Thu Phí Cai Lậy - Tuyến tránh,10.393384086706927,106.1438217759597,https://www.google.com/maps/place/Tr%E1%BA%A1m+thu+ph%C3%AD+tuy%E1%BA%BFn+tr%C3%A1nh+TX+Cai+L%E1%BA%ADy/data=!4m7!3m6!1s0x310a9745e895c9b7:0x9107f9de80fd217b!8m2!3d10.3933064!4d106.1435517!16s%2Fg%2F11sr6kszy0!19sChIJt8mV6EWXCjEReyH9gN75B5E?authuser=0&hl=vi&rclk=1,10.3930946994591,106.1425977
Trạm thu phí Cam Thịnh,Cam Thịnh,4086614472,Trạm Thu Phí Cam Thịnh,0.0,4086614472,Trạm Thu Phí Cam Thịnh,11.872420899568906,109.1085785,"https://www.google.com/maps/place/Tr%E1%BA%A1m+Thu+ph%C3%AD+Cam+Th%E1%BB%8Bnh/@11.8724221,109.1085221,17z/data=!3m1!4b1!4m6!3m5!1s0x3170ec11a54e6a3b:0xea4b65a46949a0b6!8m2!3d11.8724221!4d109.1085221!16s%2Fg%2F11c72r_xh5?entry=ttu&g_ep=EgoyMDI2MDYwMS4wIKXMDSoASAFQAw%3D%3D",11.872420899568906,109.1085785
Trạm thu phí Cam Thịnh,Cam Thịnh,4086614472,Trạm Thu Phí Cam Thịnh,12.5,677353918,Trạm Thu Phí Cam Thịnh,11.872420899568906,109.1085785,"https://www.google.com/maps/place/Tr%E1%BA%A1m+Thu+ph%C3%AD+Cam+Th%E1%BB%8Bnh/@11.8724221,109.1085221,17z/data=!3m1!4b1!4m6!3m5!1s0x3170ec11a54e6a3b:0xea4b65a46949a0b6!8m2!3d11.8724221!4d109.1085221!16s%2Fg%2F11c72r_xh5?entry=ttu&g_ep=EgoyMDI2MDYwMS4wIKXMDSoASAFQAw%3D%3D",11.872454799568912,109.10846879999998
Trạm Thu phí Chơn Thành,Chơn Thành,9201724261,Trạm Thu phí Chơn Thành,0.0,9201724261,Trạm Thu Phí Chơn Thành,11.36389149952612,106.6276194,https://www.google.com/maps/place/Tr%E1%BA%A1m+Thu+ph%C3%AD+Ch%C6%A1n+Th%C3%A0nh/data=!4m7!3m6!1s0x3174b22a8c01f787:0x6e7e5fec706a15ed!8m2!3d11.3638488!4d106.6276504!16s%2Fg%2F12hkzkwvk!19sChIJh_cBjCqydDER7RVqcOxffm4?authuser=0&hl=vi&rclk=1,11.363891499526119,106.62761939999999
Trạm Thu phí Chơn Thành,Chơn Thành,9201724261,Trạm Thu phí Chơn Thành,15.4,9201724260,Trạm Thu Phí Chơn Thành,11.36389149952612,106.6276194,https://www.google.com/maps/place/Tr%E1%BA%A1m+Thu+ph%C3%AD+Ch%C6%A1n+Th%C3%A0nh/data=!4m7!3m6!1s0x3174b22a8c01f787:0x6e7e5fec706a15ed!8m2!3d11.3638488!4d106.6276504!16s%2Fg%2F12hkzkwvk!19sChIJh_cBjCqydDER7RVqcOxffm4?authuser=0&hl=vi&rclk=1,11.363965999526126,106.6277387
Trạm thu phí Cà Ná,Cà Ná,6860674132,Trạm thu phí Cà Ná,0.0,6860674132,Trạm Thu Phí Cà Ná,11.373640099526892,108.8810689,https://www.google.com/maps/place/Tr%E1%BA%A1m+Thu+ph%C3%AD+C%C3%A0+N%C3%A1/data=!4m7!3m6!1s0x31772b9e6ca9e32b:0xfb8ea3546b324b43!8m2!3d11.3736884!4d108.8810717!16s%2Fg%2F11qb5qnhpt!19sChIJK-OpbJ4rdzERQ0sya1Sjjvs?authuser=0&hl=vi&rclk=1,11.373640099526893,108.88106889999999
Trạm thu phí Cà Ná,Cà Ná,6860674132,Trạm thu phí Cà Ná,11.1,6860674126,Trạm Thu Phí Cà Ná,11.373640099526892,108.8810689,https://www.google.com/maps/place/Tr%E1%BA%A1m+Thu+ph%C3%AD+C%C3%A0+N%C3%A1/data=!4m7!3m6!1s0x31772b9e6ca9e32b:0xfb8ea3546b324b43!8m2!3d11.3736884!4d108.8810717!16s%2Fg%2F11qb5qnhpt!19sChIJK-OpbJ4rdzERQ0sya1Sjjvs?authuser=0&hl=vi&rclk=1,11.373604299526889,108.88116389999999
Trạm thu phí Cần Thơ - Phụng Hiệp,Cần Thơ - Phụng Hiệp,9381034607,Trạm thu phí Cần Thơ - Phụng Hiệp,0.0,9381034607,Trạm Thu Phí Cần Thơ - Phụng Hiệp,9.972865699436683,105.74045099999998,https://www.google.com/maps/place/Tr%E1%BA%A1m+Thu+ph%C3%AD+C%E1%BA%A7n+Th%C6%A1+-+Ph%E1%BB%A5ng+Hi%E1%BB%87p/data=!4m7!3m6!1s0x31a089d108f418a7:0xa857b8801fb1de71!8m2!3d9.9728676!4d105.7404303!16s%2Fg%2F11gzngmf37!19sChIJpxj0CNGJoDERcd6xH4C4V6g?authuser=0&hl=vi&rclk=1,9.972865699436685,105.74045099999998
Trạm thu phí Cần Thơ - Phụng Hiệp,Cần Thơ - Phụng Hiệp,9381034607,Trạm thu phí Cần Thơ - Phụng Hiệp,13.3,9381034606,Trạm Thu Phí Cần Thơ - Phụng Hiệp,9.972865699436683,105.74045099999998,https://www.google.com/maps/place/Tr%E1%BA%A1m+Thu+ph%C3%AD+C%E1%BA%A7n+Th%C6%A1+-+Ph%E1%BB%A5ng+Hi%E1%BB%87p/data=!4m7!3m6!1s0x31a089d108f418a7:0xa857b8801fb1de71!8m2!3d9.9728676!4d105.7404303!16s%2Fg%2F11gzngmf37!19sChIJpxj0CNGJoDERcd6xH4C4V6g?authuser=0&hl=vi&rclk=1,9.972923199436687,105.74034479999999
Trạm thu phí Cầu Bạch Đằng,Cầu Bạch Đằng,12323861336,Trạm Thu phí Cầu Bạch Đằng,0.0,12323861336,Trạm Thu Phí Cầu Bạch Đằng,20.8628088004016,106.7849049,https://www.google.com/maps/place/Tr%E1%BA%A1m+Thu+ph%C3%AD+C%E1%BA%A7u+B%E1%BA%A1ch+%C4%90%E1%BA%B1ng/data=!4m7!3m6!1s0x314a6516a7b83963:0xa757c3ce7aa9d178!8m2!3d20.8628001!4d106.7848935!16s%2Fg%2F11f9zs3z6j!19sChIJYzm4pxZlSjEReNGpes7DV6c?authuser=0&hl=vi&rclk=1,20.8628088004016,106.7849049
Trạm thu phí Cầu Bạch Đằng,Cầu Bạch Đằng,12323861336,Trạm Thu phí Cầu Bạch Đằng,5.0,12323861337,Trạm Thu Phí Cầu Bạch Đằng,20.8628088004016,106.7849049,https://www.google.com/maps/place/Tr%E1%BA%A1m+Thu+ph%C3%AD+C%E1%BA%A7u+B%E1%BA%A1ch+%C4%90%E1%BA%B1ng/data=!4m7!3m6!1s0x314a6516a7b83963:0xa757c3ce7aa9d178!8m2!3d20.8628001!4d106.7848935!16s%2Fg%2F11f9zs3z6j!19sChIJYzm4pxZlSjEReNGpes7DV6c?authuser=0&hl=vi&rclk=1,20.8628445004016,106.78487509999998
Trạm thu phí Cầu Bạch Đằng,Cầu Bạch Đằng,12323861336,Trạm Thu phí Cầu Bạch Đằng,5.9,12323861335,Trạm Thu Phí Cầu Bạch Đằng,20.8628088004016,106.7849049,https://www.google.com/maps/place/Tr%E1%BA%A1m+Thu+ph%C3%AD+C%E1%BA%A7u+B%E1%BA%A1ch+%C4%90%E1%BA%B1ng/data=!4m7!3m6!1s0x314a6516a7b83963:0xa757c3ce7aa9d178!8m2!3d20.8628001!4d106.7848935!16s%2Fg%2F11f9zs3z6j!19sChIJYzm4pxZlSjEReNGpes7DV6c?authuser=0&hl=vi&rclk=1,20.862768400401595,106.7849415
Trạm thu phí Cầu Bạch Đằng,Cầu Bạch Đằng,12323861336,Trạm Thu phí Cầu Bạch Đằng,10.7,9524153630,Trạm Thu Phí Cầu Bạch Đằng,20.8628088004016,106.7849049,https://www.google.com/maps/place/Tr%E1%BA%A1m+Thu+ph%C3%AD+C%E1%BA%A7u+B%E1%BA%A1ch+%C4%90%E1%BA%B1ng/data=!4m7!3m6!1s0x314a6516a7b83963:0xa757c3ce7aa9d178!8m2!3d20.8628001!4d106.7848935!16s%2Fg%2F11f9zs3z6j!19sChIJYzm4pxZlSjEReNGpes7DV6c?authuser=0&hl=vi&rclk=1,20.8627362004016,106.7849718
Trạm thu phí Cầu Bạch Đằng,Cầu Bạch Đằng,12323861336,Trạm Thu phí Cầu Bạch Đằng,17.0,12323861347,Trạm Thu Phí Cầu Bạch Đằng,20.8628088004016,106.7849049,https://www.google.com/maps/place/Tr%E1%BA%A1m+Thu+ph%C3%AD+C%E1%BA%A7u+B%E1%BA%A1ch+%C4%90%E1%BA%B1ng/data=!4m7!3m6!1s0x314a6516a7b83963:0xa757c3ce7aa9d178!8m2!3d20.8628001!4d106.7848935!16s%2Fg%2F11f9zs3z6j!19sChIJYzm4pxZlSjEReNGpes7DV6c?authuser=0&hl=vi&rclk=1,20.862828000401596,106.78474279999999
Trạm thu phí Cầu Bạch Đằng,Cầu Bạch Đằng,12323861336,Trạm Thu phí Cầu Bạch Đằng,20.1,12323861346,Trạm Thu Phí Cầu Bạch Đằng,20.8628088004016,106.7849049,https://www.google.com/maps/place/Tr%E1%BA%A1m+Thu+ph%C3%AD+C%E1%BA%A7u+B%E1%BA%A1ch+%C4%90%E1%BA%B1ng/data=!4m7!3m6!1s0x314a6516a7b83963:0xa757c3ce7aa9d178!8m2!3d20.8628001!4d106.7848935!16s%2Fg%2F11f9zs3z6j!19sChIJYzm4pxZlSjEReNGpes7DV6c?authuser=0&hl=vi&rclk=1,20.862864000401597,106.7847205
Trạm thu phí Cầu Bạch Đằng,Cầu Bạch Đằng,12323861336,Trạm Thu phí Cầu Bạch Đằng,24.9,12323861345,Trạm Thu Phí Cầu Bạch Đằng,20.8628088004016,106.7849049,https://www.google.com/maps/place/Tr%E1%BA%A1m+Thu+ph%C3%AD+C%E1%BA%A7u+B%E1%BA%A1ch+%C4%90%E1%BA%B1ng/data=!4m7!3m6!1s0x314a6516a7b83963:0xa757c3ce7aa9d178!8m2!3d20.8628001!4d106.7848935!16s%2Fg%2F11f9zs3z6j!19sChIJYzm4pxZlSjEReNGpes7DV6c?authuser=0&hl=vi&rclk=1,20.8628960004016,106.7846843
Trạm thu phí Cầu Bạch Đằng,Cầu Bạch Đằng,12323861336,Trạm Thu phí Cầu Bạch Đằng,31.9,9524153629,Trạm Thu Phí Cầu Bạch Đằng,20.8628088004016,106.7849049,https://www.google.com/maps/place/Tr%E1%BA%A1m+Thu+ph%C3%AD+C%E1%BA%A7u+B%E1%BA%A1ch+%C4%90%E1%BA%B1ng/data=!4m7!3m6!1s0x314a6516a7b83963:0xa757c3ce7aa9d178!8m2!3d20.8628001!4d106.7848935!16s%2Fg%2F11f9zs3z6j!19sChIJYzm4pxZlSjEReNGpes7DV6c?authuser=0&hl=vi&rclk=1,20.862951400401602,106.78463850000001
Trạm Thu phí Cầu Phú Cường,Cầu Phú Cường,13148658999,Trạm thu phí Cầu Phú Cường,0.0,13148658999,Trạm thu phí Cầu Phú Cường,10.983531699497444,106.6431918,https://www.google.com/maps/place/Tr%E1%BA%A1m+Thu+ph%C3%AD+C%E1%BA%A7u+Ph%C3%BA+C%C6%B0%E1%BB%9Dng/data=!4m7!3m6!1s0x3174d14364d415af:0x53e0435313092d82!8m2!3d10.983539!4d106.6431761!16s%2Fg%2F11g9hgm5qb!19sChIJrxXUZEPRdDERgi0JE1ND4FM?authuser=0&hl=vi&rclk=1,10.983531699497444,106.6431918
Trạm Thu phí Cầu Phú Cường,Cầu Phú Cường,13148658999,Trạm thu phí Cầu Phú Cường,2.3,11458540415,Trạm Thu Phí Cầu Phú Cường,10.983531699497444,106.6431918,https://www.google.com/maps/place/Tr%E1%BA%A1m+Thu+ph%C3%AD+C%E1%BA%A7u+Ph%C3%BA+C%C6%B0%E1%BB%9Dng/data=!4m7!3m6!1s0x3174d14364d415af:0x53e0435313092d82!8m2!3d10.983539!4d106.6431761!16s%2Fg%2F11g9hgm5qb!19sChIJrxXUZEPRdDERgi0JE1ND4FM?authuser=0&hl=vi&rclk=1,10.983520399497445,106.64317469999999
Trạm Thu phí Cầu Phú Cường,Cầu Phú Cường,13148658999,Trạm thu phí Cầu Phú Cường,7.4,12712095479,Trạm Thu Phí Cầu Phú Cường,10.983531699497444,106.6431918,https://www.google.com/maps/place/Tr%E1%BA%A1m+Thu+ph%C3%AD+C%E1%BA%A7u+Ph%C3%BA+C%C6%B0%E1%BB%9Dng/data=!4m7!3m6!1s0x3174d14364d415af:0x53e0435313092d82!8m2!3d10.983539!4d106.6431761!16s%2Fg%2F11g9hgm5qb!19sChIJrxXUZEPRdDERgi0JE1ND4FM?authuser=0&hl=vi&rclk=1,10.983520399497445,106.6431247
Trạm Thu phí Cầu Phú Cường,Cầu Phú Cường,13148658999,Trạm thu phí Cầu Phú Cường,58.7,11115627566,Trạm Thu Phí Cầu Phú Cường,10.983531699497444,106.6431918,https://www.google.com/maps/place/Tr%E1%BA%A1m+Thu+ph%C3%AD+C%E1%BA%A7u+Ph%C3%BA+C%C6%B0%E1%BB%9Dng/data=!4m7!3m6!1s0x3174d14364d415af:0x53e0435313092d82!8m2!3d10.983539!4d106.6431761!16s%2Fg%2F11g9hgm5qb!19sChIJrxXUZEPRdDERgi0JE1ND4FM?authuser=0&hl=vi&rclk=1,10.98405079949748,106.643292
Trạm thu phí Cầu Rạch Miễu,Cầu Rạch Miễu,1025088286,Trạm thu phí Cầu Rạch Miễu,8.7,4585001580,Trạm Thu Phí Cầu Rạch Miễu,10.314729876318813,106.34837555286845,https://www.google.com/maps/place/Tr%E1%BA%A1m+Thu+ph%C3%AD+C%E1%BA%A7u+R%E1%BA%A1ch+Mi%E1%BB%85u/data=!4m7!3m6!1s0x310aaf6246456bb5:0xd90563e44e30b839!8m2!3d10.3147072!4d106.3483764!16s%2Fg%2F12lsmn4x4!19sChIJtWtFRmKvCjERObgwTuRjBdk?authuser=0&hl=vi&rclk=1,10.314737299454606,106.3484549
Trạm thu phí Cầu Rạch Miễu,Cầu Rạch Miễu,1025088286,Trạm thu phí Cầu Rạch Miễu,11.8,8819705000,Trạm Thu Phí Cầu Rạch Miễu,10.314729876318813,106.34837555286845,https://www.google.com/maps/place/Tr%E1%BA%A1m+Thu+ph%C3%AD+C%E1%BA%A7u+R%E1%BA%A1ch+Mi%E1%BB%85u/data=!4m7!3m6!1s0x310aaf6246456bb5:0xd90563e44e30b839!8m2!3d10.3147072!4d106.3483764!16s%2Fg%2F12lsmn4x4!19sChIJtWtFRmKvCjERObgwTuRjBdk?authuser=0&hl=vi&rclk=1,10.314723999454603,106.3482678
Trạm thu phí Cẩm Phả,Cẩm Phả,-19037572,Trạm thu phí Cẩm Phả,8.2,12786478149,Trạm Thu Phí Cẩm Phả,21.00303405808283,107.3273623742909,https://www.google.com/maps/place/Tr%E1%BA%A1m+Thu+Ph%C3%AD+C%E1%BA%A9m+Ph%E1%BA%A3/data=!4m7!3m6!1s0x314b01ad9579ffb9:0xa12f7d8f16a2a2ec!8m2!3d21.0031012!4d107.3271867!16s%2Fg%2F11fx9h1q9d!19sChIJuf95la0BSzER7KKiFo99L6E?authuser=0&hl=vi&rclk=1,21.003037600404408,107.3274414
Trạm thu phí Cẩm Phả,Cẩm Phả,-19037572,Trạm thu phí Cẩm Phả,8.4,12786478148,Trạm Thu Phí Cẩm Phả,21.00303405808283,107.3273623742909,https://www.google.com/maps/place/Tr%E1%BA%A1m+Thu+Ph%C3%AD+C%E1%BA%A9m+Ph%E1%BA%A3/data=!4m7!3m6!1s0x314b01ad9579ffb9:0xa12f7d8f16a2a2ec!8m2!3d21.0031012!4d107.3271867!16s%2Fg%2F11fx9h1q9d!19sChIJuf95la0BSzER7KKiFo99L6E?authuser=0&hl=vi&rclk=1,21.003079000404412,107.32742789999999
Trạm thu phí Cẩm Phả,Cẩm Phả,-19037572,Trạm thu phí Cẩm Phả,11.0,12786478150,Trạm Thu Phí Cẩm Phả,21.00303405808283,107.3273623742909,https://www.google.com/maps/place/Tr%E1%BA%A1m+Thu+Ph%C3%AD+C%E1%BA%A9m+Ph%E1%BA%A3/data=!4m7!3m6!1s0x314b01ad9579ffb9:0xa12f7d8f16a2a2ec!8m2!3d21.0031012!4d107.3271867!16s%2Fg%2F11fx9h1q9d!19sChIJuf95la0BSzER7KKiFo99L6E?authuser=0&hl=vi&rclk=1,21.00299210040441,107.3274579
Trạm thu phí Cẩm Phả,Cẩm Phả,-19037572,Trạm thu phí Cẩm Phả,11.8,12786478147,Trạm Thu Phí Cẩm Phả,21.00303405808283,107.3273623742909,https://www.google.com/maps/place/Tr%E1%BA%A1m+Thu+Ph%C3%AD+C%E1%BA%A9m+Ph%E1%BA%A3/data=!4m7!3m6!1s0x314b01ad9579ffb9:0xa12f7d8f16a2a2ec!8m2!3d21.0031012!4d107.3271867!16s%2Fg%2F11fx9h1q9d!19sChIJuf95la0BSzER7KKiFo99L6E?authuser=0&hl=vi&rclk=1,21.00312920040441,107.3274121
Trạm thu phí Cẩm Phả,Cẩm Phả,-19037572,Trạm thu phí Cẩm Phả,17.0,12786478146,Trạm Thu Phí Cẩm Phả,21.00303405808283,107.3273623742909,https://www.google.com/maps/place/Tr%E1%BA%A1m+Thu+Ph%C3%AD+C%E1%BA%A9m+Ph%E1%BA%A3/data=!4m7!3m6!1s0x314b01ad9579ffb9:0xa12f7d8f16a2a2ec!8m2!3d21.0031012!4d107.3271867!16s%2Fg%2F11fx9h1q9d!19sChIJuf95la0BSzER7KKiFo99L6E?authuser=0&hl=vi&rclk=1,21.003184200404412,107.327395
Trạm thu phí Cầu Cổ Chiên,Cổ Chiên,1011243028,Trạm thu phí Càu Cổ Chiên,0.6,9329719956,Trạm Thu Phí Cổ Chiên,10.019911169934328,106.29746562304084,"https://www.google.com/maps/place/Tr%E1%BA%A1m+Thu+phi%CC%81+C%E1%BA%A7u+C%E1%BB%95+Chi%C3%AAn/@10.0199467,106.2974383,17z/data=!3m1!4b1!4m6!3m5!1s0x31a011d2e7cc7445:0x5736ca957fd86d!8m2!3d10.0199467!4d106.2974383!16s%2Fg%2F11c5gdl6p7?entry=ttu&g_ep=EgoyMDI2MDYwMS4wIKXMDSoASAFQAw%3D%3D",10.019905799438984,106.29746689999999
Trạm thu phí ĐT741,DT741,1096685801,Trạm thu phí Số 1 - ĐT.741,7.3,4094748408,Trạm Thu Phí DT741,11.221867296920102,106.72532641673897,"https://www.google.com/maps/place/Tr%E1%BA%A1m+Thu+Ph%C3%AD+%C4%90T741/@11.2218334,106.7252837,17z/data=!3m1!4b1!4m6!3m5!1s0x3174c7ec066570e9:0x71f957b08d6184c7!8m2!3d11.2218334!4d106.7252837!16s%2Fg%2F11vf1p4v9b?entry=ttu&g_ep=EgoyMDI2MDYwMS4wIKXMDSoASAFQAw%3D%3D",11.221899199515068,106.725268
Trạm thu phí ĐT741,DT741,1096685801,Trạm thu phí Số 1 - ĐT.741,8.4,4094748407,Trạm Thu Phí DT741,11.221867296920102,106.72532641673897,"https://www.google.com/maps/place/Tr%E1%BA%A1m+Thu+Ph%C3%AD+%C4%90T741/@11.2218334,106.7252837,17z/data=!3m1!4b1!4m6!3m5!1s0x3174c7ec066570e9:0x71f957b08d6184c7!8m2!3d11.2218334!4d106.7252837!16s%2Fg%2F11vf1p4v9b?entry=ttu&g_ep=EgoyMDI2MDYwMS4wIKXMDSoASAFQAw%3D%3D",11.221820299515057,106.7253864
Trạm thu phí Ea Đar,Ea Đar Đắk Lắk,668471135,Trạm thu phí Ea Đar,0.0,668471135,Trạm Thu Phí Ea Đar Đắk Lắk,12.812885499659654,108.5116708,https://www.google.com/maps/place/Tr%E1%BA%A1m+Thu+ph%C3%AD+Ea+%C4%90ar/data=!4m7!3m6!1s0x3171df0024e23181:0xedbf03015eb4f5c!8m2!3d12.8129567!4d108.511572!16s%2Fg%2F11lmhftr8f!19sChIJgTHiJADfcTERXE_rFTDw2w4?authuser=0&hl=vi&rclk=1,12.812885499659654,108.5116708
Trạm thu phí đường bộ số 1 DT743,Genimex trạm số 1,9322484528,Trạm thu phí đường bộ số 1 DT743,0.0,9322484528,Trạm thu phí đường bộ số 1 DT743,10.97783619949704,106.74488449999998,https://www.google.com/maps/place/Tr%E1%BA%A1m+thu+ph%C3%AD+%C4%91%C6%B0%E1%BB%9Dng+b%E1%BB%99+s%E1%BB%91+1+DT743/data=!4m7!3m6!1s0x3174da15da13361d:0x57fb77430227a97a!8m2!3d10.9778837!4d106.7448435!16s%2Fg%2F113j_77lf!19sChIJHTYT2hXadDEReqknAkN3-1c?authuser=0&hl=vi&rclk=1,10.97783619949704,106.74488449999998
Trạm thu phí đường bộ số 1 DT743,Genimex trạm số 1,9322484528,Trạm thu phí đường bộ số 1 DT743,10.1,9322484527,Trạm thu phí đường bộ số 1 DT743,10.97783619949704,106.74488449999998,https://www.google.com/maps/place/Tr%E1%BA%A1m+thu+ph%C3%AD+%C4%91%C6%B0%E1%BB%9Dng+b%E1%BB%99+s%E1%BB%91+1+DT743/data=!4m7!3m6!1s0x3174da15da13361d:0x57fb77430227a97a!8m2!3d10.9778837!4d106.7448435!16s%2Fg%2F113j_77lf!19sChIJHTYT2hXadDEReqknAkN3-1c?authuser=0&hl=vi&rclk=1,10.977925899497045,106.7448961
Trạm Thu phí Số 2 - ĐT747A Km 1+670,Genimex trạm số 2,9301612561,Trạm Thu phí Số 2 - ĐT747A Km 1+670,0.0,9301612561,Trạm Thu Phí Genimex trạm số 2,10.974010799496767,106.7712123,https://www.google.com/maps/place/Tr%E1%BA%A1m+Thu+ph%C3%AD+S%E1%BB%91+2+-+%C4%90T747A+Km+1%2B670/data=!4m7!3m6!1s0x3174dbb6aacde233:0x625c42afa718cc4c!8m2!3d10.9740752!4d106.7713958!16s%2Fg%2F11sbt6lcc9!19sChIJM-LNqrbbdDERTMwYp69CXGI?authuser=0&hl=vi&rclk=1,10.974010799496767,106.7712123
Trạm Thu phí Số 2 - ĐT747A Km 1+670,Genimex trạm số 2,9301612561,Trạm Thu phí Số 2 - ĐT747A Km 1+670,7.9,9301612560,Trạm Thu Phí Genimex trạm số 2,10.974010799496767,106.7712123,https://www.google.com/maps/place/Tr%E1%BA%A1m+Thu+ph%C3%AD+S%E1%BB%91+2+-+%C4%90T747A+Km+1%2B670/data=!4m7!3m6!1s0x3174dbb6aacde233:0x625c42afa718cc4c!8m2!3d10.9740752!4d106.7713958!16s%2Fg%2F11sbt6lcc9!19sChIJM-LNqrbbdDERTMwYp69CXGI?authuser=0&hl=vi&rclk=1,10.97394079949676,106.77122169999998
Trạm Thu phí Số 3 - ĐT 747A Km 9+120,Genimex trạm số 3,10030773244,Trạm Thu phí Số 3 - ĐT 747A Km 9+120,0.0,10030773244,Trạm Thu Phí Genimex trạm số 3,11.027577999500611,106.7749224,"https://www.google.com/maps/place/11%C2%B001'39.1%22N+106%C2%B046'29.6%22E/@11.027525,106.7742383,187m/data=!3m2!1e3!4b1!4m4!3m3!8m2!3d11.027525!4d106.774882?authuser=0&hl=vi&entry=ttu&g_ep=EgoyMDI2MDYxMy4wIKXMDSoASAFQAw%3D%3D",11.027577999500613,106.7749224
Trạm Thu phí Số 3 - ĐT 747A Km 9+120,Genimex trạm số 3,10030773244,Trạm Thu phí Số 3 - ĐT 747A Km 9+120,7.7,10030773245,Trạm Thu Phí Genimex trạm số 3,11.027577999500611,106.7749224,"https://www.google.com/maps/place/11%C2%B001'39.1%22N+106%C2%B046'29.6%22E/@11.027525,106.7742383,187m/data=!3m2!1e3!4b1!4m4!3m3!8m2!3d11.027525!4d106.774882?authuser=0&hl=vi&entry=ttu&g_ep=EgoyMDI2MDYxMy4wIKXMDSoASAFQAw%3D%3D",11.02756759950061,106.77485219999998
Trạm Thu Phí Chư Sê,Gia Lai 1,10198842784,Trạm Thu Phí Hàm Rồng,0.0,10198842784,Trạm Thu Phí Hàm Rồng,13.874361699775724,108.00810769999998,https://www.google.com/maps/place/Tr%E1%BA%A1m+Thu+Ph%C3%AD+Ch%C6%B0+S%C3%AA/data=!4m7!3m6!1s0x316c27006c165c0f:0x7815f22896b9e796!8m2!3d13.8741578!4d108.0081757!16s%2Fg%2F11x6qnjphw!19sChIJD1wWbAAnbDERlue5lijyFXg?authuser=0&hl=vi&rclk=1,13.874361699775724,108.00810769999998
Trạm Thu Phí Chư Sê,Gia Lai 1,10198842784,Trạm Thu Phí Hàm Rồng,21.8,10198842783,Trạm Thu Phí Hàm Rồng,13.874361699775724,108.00810769999998,https://www.google.com/maps/place/Tr%E1%BA%A1m+Thu+Ph%C3%AD+Ch%C6%B0+S%C3%AA/data=!4m7!3m6!1s0x316c27006c165c0f:0x7815f22896b9e796!8m2!3d13.8741578!4d108.0081757!16s%2Fg%2F11x6qnjphw!19sChIJD1wWbAAnbDERlue5lijyFXg?authuser=0&hl=vi&rclk=1,13.874307299775714,108.00791400000001
Trạm Thu phí Cầu 110,Gia Lai 2,9921799661,Trạm Thu phí Cầu 110,0.0,9921799661,Trạm thu phí Cầu 110 (Chư Pưh),13.413531099723944,108.09282399999998,https://www.google.com/maps/place/Tr%E1%BA%A1m+Thu+ph%C3%AD+C%E1%BA%A7u+110/data=!4m7!3m6!1s0x316e779daf93a009:0x6a8e9b9e0eda940f!8m2!3d13.4135667!4d108.0928463!16s%2Fg%2F11c72lsmj3!19sChIJCaCTr513bjERD5TaDp6bjmo?authuser=0&hl=vi&rclk=1,13.413531099723944,108.09282399999998
Trạm Thu phí Cầu 110,Gia Lai 2,9921799661,Trạm Thu phí Cầu 110,21.9,9921799660,Trạm thu phí Cầu 110 (Chư Pưh),13.413531099723944,108.09282399999998,https://www.google.com/maps/place/Tr%E1%BA%A1m+Thu+ph%C3%AD+C%E1%BA%A7u+110/data=!4m7!3m6!1s0x316e779daf93a009:0x6a8e9b9e0eda940f!8m2!3d13.4135667!4d108.0928463!16s%2Fg%2F11c72lsmj3!19sChIJCaCTr513bjERD5TaDp6bjmo?authuser=0&hl=vi&rclk=1,13.413660599723956,108.092977
Trạm thu phí Hoàng Mai,Hoàng Mai,1183845008,Trạm thu phí Hoàng Mai,14.8,9177681181,Trạm thu phí Hoàng Mai,19.301875955798863,105.72421030724514,"https://www.google.com/maps/place/Tr%E1%BA%A1m+Thu+Ph%C3%AD+Ho%C3%A0ng+Mai,+AH1,+Ho%C3%A0ng+Mai,+Ngh%E1%BB%87+An,+Vi%E1%BB%87t+Nam/@19.3019039,105.7242358,17z/data=!3m1!4b1!4m6!3m5!1s0x31370b0631ba47d3:0x514cec1b205bf852!8m2!3d19.3019039!4d105.7242358!16s%2Fg%2F11bx1_g2qf?entry=ttu&g_ep=EgoyMDI2MDYwMS4wIKXMDSoASAFQAw%3D%3D",19.301891000334514,105.72434999999999
Trạm thu phí Hoàng Mai,Hoàng Mai,1183845008,Trạm thu phí Hoàng Mai,19.4,9177681180,Trạm thu phí Hoàng Mai,19.301875955798863,105.72421030724514,"https://www.google.com/maps/place/Tr%E1%BA%A1m+Thu+Ph%C3%AD+Ho%C3%A0ng+Mai,+AH1,+Ho%C3%A0ng+Mai,+Ngh%E1%BB%87+An,+Vi%E1%BB%87t+Nam/@19.3019039,105.7242358,17z/data=!3m1!4b1!4m6!3m5!1s0x31370b0631ba47d3:0x514cec1b205bf852!8m2!3d19.3019039!4d105.7242358!16s%2Fg%2F11bx1_g2qf?entry=ttu&g_ep=EgoyMDI2MDYwMS4wIKXMDSoASAFQAw%3D%3D",19.30187120033451,105.72402509999999
Trạm thu phí Hà Nội - Bắc Giang,Hà Nội - Bắc Giang,1095628565,Trạm thu phí Hà Nội - Bắc Giang,18.2,12307394543,Trạm Thu phí Hà Nội - Bắc Giang,21.09034654982544,105.96045260948794,https://www.google.com/maps/place/Tr%E1%BA%A1m+Thu+ph%C3%AD+H%C3%A0+N%E1%BB%99i+-+B%E1%BA%AFc+Giang/data=!4m7!3m6!1s0x313507f8f0c615c7:0xf85cec9539900094!8m2!3d21.0903439!4d105.9605126!16s%2Fg%2F11cs0bb15g!19sChIJxxXG8PgHNTERlACQOZXsXPg?authuser=0&hl=vi&rclk=1,21.090282900405874,105.9606147
Trạm thu phí Hà Nội - Bắc Giang,Hà Nội - Bắc Giang,1095628565,Trạm thu phí Hà Nội - Bắc Giang,18.8,12269366786,Trạm Thu phí Hà Nội - Bắc Giang,21.09034654982544,105.96045260948794,https://www.google.com/maps/place/Tr%E1%BA%A1m+Thu+ph%C3%AD+H%C3%A0+N%E1%BB%99i+-+B%E1%BA%AFc+Giang/data=!4m7!3m6!1s0x313507f8f0c615c7:0xf85cec9539900094!8m2!3d21.0903439!4d105.9605126!16s%2Fg%2F11cs0bb15g!19sChIJxxXG8PgHNTERlACQOZXsXPg?authuser=0&hl=vi&rclk=1,21.09038980040588,105.96027779999999
Trạm thu phí Hà Nội - Bắc Giang,Hà Nội - Bắc Giang,1095628565,Trạm thu phí Hà Nội - Bắc Giang,69.4,8201927996,Trạm Thu phí Hà Nội - Bắc Giang,21.09034654982544,105.96045260948794,https://www.google.com/maps/place/Tr%E1%BA%A1m+Thu+ph%C3%AD+H%C3%A0+N%E1%BB%99i+-+B%E1%BA%AFc+Giang/data=!4m7!3m6!1s0x313507f8f0c615c7:0xf85cec9539900094!8m2!3d21.0903439!4d105.9605126!16s%2Fg%2F11cs0bb15g!19sChIJxxXG8PgHNTERlACQOZXsXPg?authuser=0&hl=vi&rclk=1,21.090207600405872,105.95980069999999
Trạm thu phí đường Hòa Lạc - Hòa Bình,Hòa Lạc Hòa Bình,10114180887,Trạm thu phí BOT Đường Hòa Lạc - Hòa Bình,5.0,10114180887,Trạm thu phí BOT Đường Hòa Lạc - Hòa Bình,20.965267200403705,105.39802629999998,https://www.google.com/maps/place/Tra%CC%A3m+thu+phi%CC%81+%C4%91%C6%B0%C6%A1%CC%80ng+H%C3%B2a+La%CC%A3c+-+H%C3%B2a+Bi%CC%80nh/data=!4m7!3m6!1s0x3134670e534e2239:0x2e82b38ed3a7312e!8m2!3d20.9651479!4d105.3979576!16s%2Fg%2F11h01t634c!19sChIJOSJOUw5nNDERLjGn046zgi4?authuser=0&hl=vi&rclk=1,20.965267200403705,105.39802629999998
Trạm thu phí đường Hòa Lạc - Hòa Bình,Hòa Lạc Hòa Bình,10114180887,Trạm thu phí BOT Đường Hòa Lạc - Hòa Bình,8.1,10114180888,Trạm thu phí BOT Đường Hòa Lạc - Hòa Bình,20.9652301393474,105.3980535300808,https://www.google.com/maps/place/Tra%CC%A3m+thu+phi%CC%81+%C4%91%C6%B0%C6%A1%CC%80ng+H%C3%B2a+La%CC%A3c+-+H%C3%B2a+Bi%CC%80nh/data=!4m7!3m6!1s0x3134670e534e2239:0x2e82b38ed3a7312e!8m2!3d20.9651479!4d105.3979576!16s%2Fg%2F11h01t634c!19sChIJOSJOUw5nNDERLjGn046zgi4?authuser=0&hl=vi&rclk=1,20.965230500403706,105.39813179999999
Trạm thu phí Điện Bàn,Hòa Phước,5589299568,Trạm thu phí Điện Bàn,8.0,2237820586,Trạm thu phí Điện Bàn,15.930717000016504,108.22866049999999,"https://www.google.com/maps/place/Nh%C3%A0+%C4%91%E1%BA%A5t+Tr%E1%BA%A1m+Thu+ph%C3%AD+%C4%90i%E1%BB%87n+B%C3%A0n/@15.9305268,108.226137,734m/data=!3m1!1e3!4m14!1m7!3m6!1s0x31421aadaa40da2d:0x9b98928bfa69249a!2zTmjDoCDEkeG6pXQgVHLhuqFtIFRodSBwaMOtIMSQaeG7h24gQsOgbg!8m2!3d15.9305268!4d108.2287119!16s%2Fg%2F11c2j86x7c!3m5!1s0x31421aadaa40da2d:0x9b98928bfa69249a!8m2!3d15.9305268!4d108.2287119!16s%2Fg%2F11c2j86x7c?entry=ttu&g_ep=EgoyMDI2MDYxNi4wIKXMDSoASAFQAw%3D%3D",15.930717000016504,108.22866049999999
Trạm thu phí Điện Bàn,Hòa Phước,5589299568,Trạm thu phí Điện Bàn,0.0,5589299568,Trạm thu phí Điện Bàn,15.930372400016466,108.2287068,"https://www.google.com/maps/place/Nh%C3%A0+%C4%91%E1%BA%A5t+Tr%E1%BA%A1m+Thu+ph%C3%AD+%C4%90i%E1%BB%87n+B%C3%A0n/@15.9305268,108.226137,734m/data=!3m1!1e3!4m14!1m7!3m6!1s0x31421aadaa40da2d:0x9b98928bfa69249a!2zTmjDoCDEkeG6pXQgVHLhuqFtIFRodSBwaMOtIMSQaeG7h24gQsOgbg!8m2!3d15.9305268!4d108.2287119!16s%2Fg%2F11c2j86x7c!3m5!1s0x31421aadaa40da2d:0x9b98928bfa69249a!8m2!3d15.9305268!4d108.2287119!16s%2Fg%2F11c2j86x7c?entry=ttu&g_ep=EgoyMDI2MDYxNi4wIKXMDSoASAFQAw%3D%3D",15.930372400016466,108.2287068
Trạm thu phí Cầu Hạc Trì,Hạc Trì,4910831731,Trạm thu phí Cầu Hạc Trì,8.0,4910831731,Trạm thu phí Cầu Hạc Trì,21.29458515209657,105.4492600616463,https://www.google.com/maps/place/Tr%E1%BA%A1m+Thu+ph%C3%AD+C%E1%BA%A7u+H%E1%BA%A1c+Tr%C3%AC/data=!4m7!3m6!1s0x3134f3fb132c71c3:0x1919de4d7243a0bd!8m2!3d21.2945151!4d105.4493861!16s%2Fg%2F11p01q3gyj!19sChIJw3EsE_vzNDERvaBDck3eGRk?authuser=0&hl=vi&rclk=1,21.294518900408477,105.44923029999998
Trạm thu phí Cầu Hạc Trì,Hạc Trì,4910831731,Trạm thu phí Cầu Hạc Trì,17.6,4910831754,Trạm thu phí Cầu Hạc Trì,21.29458515209657,105.4492600616463,https://www.google.com/maps/place/Tr%E1%BA%A1m+Thu+ph%C3%AD+C%E1%BA%A7u+H%E1%BA%A1c+Tr%C3%AC/data=!4m7!3m6!1s0x3134f3fb132c71c3:0x1919de4d7243a0bd!8m2!3d21.2945151!4d105.4493861!16s%2Fg%2F11p01q3gyj!19sChIJw3EsE_vzNDERvaBDck3eGRk?authuser=0&hl=vi&rclk=1,21.29470560040848,105.44937099999999
Trạm thu phí hầm Cù Mông,Hầm Cù Mông,1156958867,Trạm thu phí Hầm Cù Mông,10.9,11266480548,Trạm thu phí Hầm Cù Mông,13.703475792467366,109.1745154532575,https://www.google.com/maps/place/Tr%E1%BA%A1m+thu+ph%C3%AD+h%E1%BA%A7m+C%C3%B9+M%C3%B4ng/data=!4m7!3m6!1s0x316f13389e5dfb65:0x272d2caee5252b88!8m2!3d13.7035521!4d109.1744789!16s%2Fg%2F11fk3d3hxq!19sChIJZftdnjgTbzERiCsl5a4sLSc?authuser=0&hl=vi&rclk=1,13.703410399756306,109.17444019999999
Trạm thu phí hầm Cù Mông,Hầm Cù Mông,1156958867,Trạm thu phí Hầm Cù Mông,46.2,11266480549,Trạm thu phí Hầm Cù Mông,13.703475792467366,109.1745154532575,https://www.google.com/maps/place/Tr%E1%BA%A1m+thu+ph%C3%AD+h%E1%BA%A7m+C%C3%B9+M%C3%B4ng/data=!4m7!3m6!1s0x316f13389e5dfb65:0x272d2caee5252b88!8m2!3d13.7035521!4d109.1744789!16s%2Fg%2F11fk3d3hxq!19sChIJZftdnjgTbzERiCsl5a4sLSc?authuser=0&hl=vi&rclk=1,13.703888999756359,109.17446769999998
Trạm thu phí Hầm Đèo Cả,Hầm Đèo Cả,1177157173,Trạm thu phí Hầm Đèo Cả,9.4,6860620361,Trạm thu phí Hầm Đèo Cả,12.90329032751639,109.36572994297042,https://www.google.com/maps/place/Tr%E1%BA%A1m+Thu+ph%C3%AD+H%E1%BA%A7m+%C4%90%C3%A8o+C%E1%BA%A3/data=!4m7!3m6!1s0x316fe5b33809e3b5:0xbe2959acacd59cb!8m2!3d12.9032248!4d109.365703!16s%2Fg%2F11rqncv7b2!19sChIJteMJOLPlbzERy1nNypqV4gs?authuser=0&hl=vi&rclk=1,12.903357199669061,109.36567759999998
Trạm thu phí Hầm Đèo Cả,Hầm Đèo Cả,1177157173,Trạm thu phí Hầm Đèo Cả,15.7,6602333959,Trạm thu phí Hầm Đèo Cả,12.90329032751639,109.36572994297042,https://www.google.com/maps/place/Tr%E1%BA%A1m+Thu+ph%C3%AD+H%E1%BA%A7m+%C4%90%C3%A8o+C%E1%BA%A3/data=!4m7!3m6!1s0x316fe5b33809e3b5:0xbe2959acacd59cb!8m2!3d12.9032248!4d109.365703!16s%2Fg%2F11rqncv7b2!19sChIJteMJOLPlbzERy1nNypqV4gs?authuser=0&hl=vi&rclk=1,12.903238099669052,109.3658648
Trạm thu phí Km 124+720 Quốc lộ 19,KM124+720 Gia Lai,13954067960,Trạm thu phí Km 124+720 Quốc lộ 19,0.0,13954067960,Trạm thu phí Km 124+720 Quốc lộ 19,14.0546549,108.3295798,https://www.google.com/maps/place/Tr%E1%BA%A1m+Thu+ph%C3%AD+Km+124%2B720+Qu%E1%BB%91c+l%E1%BB%99+19/data=!4m7!3m6!1s0x316ebb0001f56dbb:0x56111d065d58e648!8m2!3d14.05472!4d108.3294748!16s%2Fg%2F11x0q_xdgw!19sChIJu231AQC7bjERSOZYXQYdEVY?authuser=0&hl=vi&rclk=1,14.05465489979642,108.32957979999999
Trạm thu phí Liên Đầm,Liên Đầm,13955413679,Trạm thu phí Liên Đầm,0.0,13955413679,Trạm thu phí Liên Đầm,11.5664484,107.998814,https://www.google.com/maps/place/Tr%E1%BA%A1m+Thu+ph%C3%AD+Li%C3%AAn+%C4%90%E1%BA%A7m/data=!4m7!3m6!1s0x3173fe8a14074911:0xbce55b02c8db83c3!8m2!3d11.5664985!4d107.9987574!16s%2Fg%2F11cs0sdl_d!19sChIJEUkHFIr-czERw4PbyAJb5bw?authuser=0&hl=vi&rclk=1,11.566448399542576,107.99881399999998
Trạm thu phí Cầu Móng Sến,Lào Cai - Sapa,11183842756,Trạm thu phí Cầu Móng Sến,0.0,11183842756,Trạm thu phí Cầu Móng Sến,22.4167523004016,103.9070398,https://www.google.com/maps/place/Tr%E1%BA%A1m+Thu+ph%C3%AD+C%E1%BA%A7u+M%C3%B3ng+S%E1%BA%BFn/data=!4m7!3m6!1s0x36cd6b8affd9ab45:0x1b43a1aa9b0c714b!8m2!3d22.4168543!4d103.9071458!16s%2Fg%2F11vb6d6hnt!19sChIJRavZ_4przTYRS3EMm6qhQxs?authuser=0&hl=vi&rclk=1,22.416752300401594,103.9070398
Trạm thu phí Cầu Móng Sến,Lào Cai - Sapa,11183842756,Trạm thu phí Cầu Móng Sến,14.1,11141021752,Trạm thu phí Cầu Móng Sến,22.4167523004016,103.9070398,https://www.google.com/maps/place/Tr%E1%BA%A1m+Thu+ph%C3%AD+C%E1%BA%A7u+M%C3%B3ng+S%E1%BA%BFn/data=!4m7!3m6!1s0x36cd6b8affd9ab45:0x1b43a1aa9b0c714b!8m2!3d22.4168543!4d103.9071458!16s%2Fg%2F11vb6d6hnt!19sChIJRavZ_4przTYRS3EMm6qhQxs?authuser=0&hl=vi&rclk=1,22.4166258004016,103.9070252
Trạm thu phí Lái Thiêu,Lái Thiêu,6859613339,Trạm thu phí Lái Thiêu,0.0,6859613339,Trạm thu phí Lái Thiêu,10.888731999490767,106.7007135,"https://www.google.com/maps/place/Tr%E1%BA%A1m+thu+ph%C3%AD+L%C3%A1i+Thi%C3%AAu/@10.8889685,106.7006111,18.96z/data=!4m15!1m8!3m7!1s0x3174d7dd570203ff:0x4ea22707fe549840!2zVHLhuqFtIHRodSBwaMOtIFbEqW5oIFBow7osIDMyIMSQ4bqhaSBs4buZIELDrG5oIETGsMahbmcsIEtodSBQaOG7kSwgTMOhaSBUaGnDqnUsIEjhu5MgQ2jDrSBNaW5oLCBWaeG7h3QgTmFt!3b1!8m2!3d10.886868!4d106.6997385!16s%2Fg%2F11bvtgt33s!3m5!1s0x3174d72522fe2d01:0x47732179262f40db!8m2!3d10.8892698!4d106.7010716!16s%2Fg%2F11h80fyqjl?entry=ttu&g_ep=EgoyMDI2MDYxMy4wIKXMDSoASAFQAw%3D%3D",10.888731999490767,106.7007135
Trạm thu phí Mỹ Lộc,Mỹ Lộc,2581153386,Trạm thu phí Mỹ Lộc,0.0,2581153386,Trạm thu phí Mỹ Lộc,20.447490400390063,106.1197806,https://www.google.com/maps/place/Tr%E1%BA%A1m+Thu+ph%C3%AD+M%E1%BB%B9+L%E1%BB%99c/data=!4m7!3m6!1s0x3135ddc84cbe6d71:0xa282c51b7390d023!8m2!3d20.4475087!4d106.1197479!16s%2Fg%2F11c0xrzq1c!19sChIJcW2-TMjdNTERI9CQcxvFgqI?authuser=0&hl=vi&rclk=1,20.447490400390066,106.1197806
Trạm thu phí Mỹ Lộc,Mỹ Lộc,2581153386,Trạm thu phí Mỹ Lộc,21.9,2581153384,Trạm thu phí Mỹ Lộc,20.447490400390063,106.1197806,https://www.google.com/maps/place/Tr%E1%BA%A1m+Thu+ph%C3%AD+M%E1%BB%B9+L%E1%BB%99c/data=!4m7!3m6!1s0x3135ddc84cbe6d71:0xa282c51b7390d023!8m2!3d20.4475087!4d106.1197479!16s%2Fg%2F11c0xrzq1c!19sChIJcW2-TMjdNTERI9CQcxvFgqI?authuser=0&hl=vi&rclk=1,20.447293800390064,106.1197819
Trạm thu phí Nam Bình Định,Nam Bình Định,6950227536,Trạm thu phí Nam Bình Định,0.0,6950227536,Trạm thu phí Nam Bình Định,13.87136999977538,109.125348,https://www.google.com/maps/place/Tr%E1%BA%A1m+Thu+ph%C3%AD+Nam+B%C3%ACnh+%C4%90%E1%BB%8Bnh/data=!4m7!3m6!1s0x316f158e2d78bc5b:0x343baadefce11542!8m2!3d13.871314!4d109.1254223!16s%2Fg%2F11cm1sqjy1!19sChIJW7x4LY4VbzERQhXh_N6qOzQ?authuser=0&hl=vi&rclk=1,13.871369999775379,109.12534799999999
Trạm thu phí Nam Bình Định,Nam Bình Định,6950227536,Trạm thu phí Nam Bình Định,16.5,6950227543,Trạm thu phí Nam Bình Định,13.87136999977538,109.125348,https://www.google.com/maps/place/Tr%E1%BA%A1m+Thu+ph%C3%AD+Nam+B%C3%ACnh+%C4%90%E1%BB%8Bnh/data=!4m7!3m6!1s0x316f158e2d78bc5b:0x343baadefce11542!8m2!3d13.871314!4d109.1254223!16s%2Fg%2F11cm1sqjy1!19sChIJW7x4LY4VbzERQhXh_N6qOzQ?authuser=0&hl=vi&rclk=1,13.871447499775389,109.12547809999998
Trạm thu phí Ninh Lộc,Ninh Lộc,6860612354,Trạm Thu Phí Ninh An (Ninh Lộc),0.0,6860612354,Trạm Thu Phí Ninh An (Ninh Lộc),12.444463499622486,109.1206085,https://www.google.com/maps/place/Tr%E1%BA%A1m+Thu+ph%C3%AD+Ninh+L%E1%BB%99c/data=!4m7!3m6!1s0x317040ebc6892873:0x35e7b3cb040fb76b!8m2!3d12.4443288!4d109.1205638!16s%2Fg%2F11g8lv308h!19sChIJcyiJxutAcDERa7cPBMuz5zU?authuser=0&hl=vi&rclk=1,12.444463499622486,109.1206085
Trạm thu phí Ninh Lộc,Ninh Lộc,6860612354,Trạm Thu Phí Ninh An (Ninh Lộc),33.8,4083168857,Trạm Thu Phí Ninh An (Ninh Lộc),12.444463499622486,109.1206085,https://www.google.com/maps/place/Tr%E1%BA%A1m+Thu+ph%C3%AD+Ninh+L%E1%BB%99c/data=!4m7!3m6!1s0x317040ebc6892873:0x35e7b3cb040fb76b!8m2!3d12.4443288!4d109.1205638!16s%2Fg%2F11g8lv308h!19sChIJcyiJxutAcDERa7cPBMuz5zU?authuser=0&hl=vi&rclk=1,12.44416149962246,109.12057000000001
Trạm Thu phí Ninh Xuân,Ninh Xuân (Khánh Hòa),1178115953,Trạm thu phí Ninh Xuân,1.8,10944187635,Trạm Thu phí Quốc lộ 26,12.50712116358481,109.0689016035974,https://www.google.com/maps/place/Tr%E1%BA%A1m+Thu+ph%C3%AD+Ninh+Xu%C3%A2n/data=!4m7!3m6!1s0x3170390034bbb6d5:0x301e226ef6443401!8m2!3d12.5072607!4d109.0687918!16s%2Fg%2F11w9h2tflr!19sChIJ1ba7NAA5cDERATRE9m4iHjA?authuser=0&hl=vi&rclk=1,12.507104799628669,109.0688987
Trạm Thu phí Ninh Xuân,Ninh Xuân (Khánh Hòa),1178115953,Trạm thu phí Ninh Xuân,43.3,7311724609,Trạm Thu phí Quốc lộ 26,12.50712116358481,109.0689016035974,https://www.google.com/maps/place/Tr%E1%BA%A1m+Thu+ph%C3%AD+Ninh+Xu%C3%A2n/data=!4m7!3m6!1s0x3170390034bbb6d5:0x301e226ef6443401!8m2!3d12.5072607!4d109.0687918!16s%2Fg%2F11w9h2tflr!19sChIJ1ba7NAA5cDERATRE9m4iHjA?authuser=0&hl=vi&rclk=1,12.507446099628705,109.0686811
Trạm Thu phí Ninh Xuân,Ninh Xuân (Khánh Hòa),1178115953,Trạm thu phí Ninh Xuân,407.6,13595742128,Trạm Thu phí Quốc lộ 26,12.50712116358481,109.0689016035974,https://www.google.com/maps/place/Tr%E1%BA%A1m+Thu+ph%C3%AD+Ninh+Xu%C3%A2n/data=!4m7!3m6!1s0x3170390034bbb6d5:0x301e226ef6443401!8m2!3d12.5072607!4d109.0687918!16s%2Fg%2F11w9h2tflr!19sChIJ1ba7NAA5cDERATRE9m4iHjA?authuser=0&hl=vi&rclk=1,12.506790099628642,109.0726407
Trạm Thu phí Ninh Xuân,Ninh Xuân (Khánh Hòa),1178115953,Trạm thu phí Ninh Xuân,426.7,13595742131,Trạm Thu phí Quốc lộ 26,12.50712116358481,109.0689016035974,https://www.google.com/maps/place/Tr%E1%BA%A1m+Thu+ph%C3%AD+Ninh+Xu%C3%A2n/data=!4m7!3m6!1s0x3170390034bbb6d5:0x301e226ef6443401!8m2!3d12.5072607!4d109.0687918!16s%2Fg%2F11w9h2tflr!19sChIJ1ba7NAA5cDERATRE9m4iHjA?authuser=0&hl=vi&rclk=1,12.504084699628372,109.0713057
Trạm Thu phí Ninh Xuân,Ninh Xuân (Khánh Hòa),1178115953,Trạm thu phí Ninh Xuân,491.7,13595742129,Trạm Thu phí Quốc lộ 26,12.50712116358481,109.0689016035974,https://www.google.com/maps/place/Tr%E1%BA%A1m+Thu+ph%C3%AD+Ninh+Xu%C3%A2n/data=!4m7!3m6!1s0x3170390034bbb6d5:0x301e226ef6443401!8m2!3d12.5072607!4d109.0687918!16s%2Fg%2F11w9h2tflr!19sChIJ1ba7NAA5cDERATRE9m4iHjA?authuser=0&hl=vi&rclk=1,12.506555499628613,109.07339399999998
Trạm thu phí Phú Bài,Phú Bài,6860166455,Trạm Thu Phí Phú Bài,0.0,6860166455,Trạm Thu Phí Phú Bài,16.370315400066637,107.7249504,https://www.google.com/maps/place/Tr%E1%BA%A1m+Thu+ph%C3%AD+Ph%C3%BA+B%C3%A0i/data=!4m7!3m6!1s0x314199ae55bfffff:0x5afc509a542fd818!8m2!3d16.3702707!4d107.7249773!16s%2Fg%2F11c2k985mg!19sChIJ__-_Va6ZQTERGNgvVJpQ_Fo?authuser=0&hl=vi&rclk=1,16.370315400066637,107.7249504
Trạm thu phí Phú Bài,Phú Bài,6860166455,Trạm Thu Phí Phú Bài,35.8,1025708650,Trạm Thu Phí Phú Bài,16.370315400066637,107.7249504,https://www.google.com/maps/place/Tr%E1%BA%A1m+Thu+ph%C3%AD+Ph%C3%BA+B%C3%A0i/data=!4m7!3m6!1s0x314199ae55bfffff:0x5afc509a542fd818!8m2!3d16.3702707!4d107.7249773!16s%2Fg%2F11c2k985mg!19sChIJ__-_Va6ZQTERGNgvVJpQ_Fo?authuser=0&hl=vi&rclk=1,16.370602000066672,107.72479789999998
Trạm thu phí Phú Hữu,Phú Hữu,9369335528,Trạm thu phí Phú Hữu,0.0,9369335528,Trạm thu phí Phú Hữu,10.791568399484131,106.80751779999999,https://www.google.com/maps/place/Tr%E1%BA%A1m+thu+ph%C3%AD+Ph%C3%BA+H%E1%BB%AFu/data=!4m7!3m6!1s0x317526af9f6c0c0f:0xd32f2533e916868f!8m2!3d10.791609!4d106.80744!16s%2Fg%2F11c6vd7vhr!19sChIJDwxsn68mdTERj4YW6TMlL9M?authuser=0&hl=vi&rclk=1,10.791568399484131,106.80751779999999
Trạm thu phí Phú Hữu,Phú Hữu,9369335528,Trạm thu phí Phú Hữu,11.4,9369335527,Trạm thu phí Phú Hữu,10.791568399484131,106.80751779999999,https://www.google.com/maps/place/Tr%E1%BA%A1m+thu+ph%C3%AD+Ph%C3%BA+H%E1%BB%AFu/data=!4m7!3m6!1s0x317526af9f6c0c0f:0xd32f2533e916868f!8m2!3d10.791609!4d106.80744!16s%2Fg%2F11c6vd7vhr!19sChIJDwxsn68mdTERj4YW6TMlL9M?authuser=0&hl=vi&rclk=1,10.791532799484129,106.8074201
Trạm thu phí Cầu Phú Mỹ,Phú Mỹ,1098418720,Trạm thu phí Cầu Phú Mỹ,18.1,714480434,Trạm thu phí Cầu Phú Mỹ,10.759983949482018,106.76485485,https://www.google.com/maps/place/Tr%E1%BA%A1m+Thu+ph%C3%AD+C%E1%BA%A7u+Ph%C3%BA+M%E1%BB%B9/data=!4m7!3m6!1s0x317525b427aaaaab:0xfa8e853557a75ce5!8m2!3d10.7600458!4d106.7648183!16s%2Fg%2F11c6rxph4q!19sChIJq6qqJ7QldTER5VynVzWFjvo?authuser=0&hl=vi&rclk=1,10.759868099482008,106.7649713
Trạm thu phí Cầu Phú Mỹ,Phú Mỹ,1098418720,Trạm thu phí Cầu Phú Mỹ,28.6,2274992956,Trạm thu phí Cầu Phú Mỹ,10.759983949482018,106.76485485,https://www.google.com/maps/place/Tr%E1%BA%A1m+Thu+ph%C3%AD+C%E1%BA%A7u+Ph%C3%BA+M%E1%BB%B9/data=!4m7!3m6!1s0x317525b427aaaaab:0xfa8e853557a75ce5!8m2!3d10.7600458!4d106.7648183!16s%2Fg%2F11c6rxph4q!19sChIJq6qqJ7QldTER5VynVzWFjvo?authuser=0&hl=vi&rclk=1,10.76016639948203,106.76467089999998
Trạm thu phí Phả Lại,Phả Lại,13602049340,Trạm thu phí Phả Lại,0.0,13602049340,Trạm thu phí Phả Lại,21.116672400406284,106.2764928,https://www.google.com/maps/place/Tr%E1%BA%A1m+Thu+ph%C3%AD+Ph%E1%BA%A3+L%E1%BA%A1i/data=!4m7!3m6!1s0x313577ca407fbdf9:0xd1e99dd9d6e61ae6!8m2!3d21.116648!4d106.2765208!16s%2Fg%2F11h6nswrsr!19sChIJ-b1_QMp3NTER5hrm1tmd6dE?authuser=0&hl=vi&rclk=1,21.116672400406284,106.2764928
Trạm thu phí Phả Lại,Phả Lại,13602049340,Trạm thu phí Phả Lại,5.2,13602049341,Trạm thu phí Phả Lại,21.116672400406284,106.2764928,https://www.google.com/maps/place/Tr%E1%BA%A1m+Thu+ph%C3%AD+Ph%E1%BA%A3+L%E1%BA%A1i/data=!4m7!3m6!1s0x313577ca407fbdf9:0xd1e99dd9d6e61ae6!8m2!3d21.116648!4d106.2765208!16s%2Fg%2F11h6nswrsr!19sChIJ-b1_QMp3NTER5hrm1tmd6dE?authuser=0&hl=vi&rclk=1,21.116719500406276,106.2764955
Trạm thu phí Phả Lại,Phả Lại,13602049340,Trạm thu phí Phả Lại,6.2,13602049339,Trạm thu phí Phả Lại,21.116672400406284,106.2764928,https://www.google.com/maps/place/Tr%E1%BA%A1m+Thu+ph%C3%AD+Ph%E1%BA%A3+L%E1%BA%A1i/data=!4m7!3m6!1s0x313577ca407fbdf9:0xd1e99dd9d6e61ae6!8m2!3d21.116648!4d106.2765208!16s%2Fg%2F11h6nswrsr!19sChIJ-b1_QMp3NTER5hrm1tmd6dE?authuser=0&hl=vi&rclk=1,21.116616600406275,106.27648979999998
Trạm thu phí Phả Lại,Phả Lại,13602049340,Trạm thu phí Phả Lại,21.4,13602049338,Trạm thu phí Phả Lại,21.116672400406284,106.2764928,https://www.google.com/maps/place/Tr%E1%BA%A1m+Thu+ph%C3%AD+Ph%E1%BA%A3+L%E1%BA%A1i/data=!4m7!3m6!1s0x313577ca407fbdf9:0xd1e99dd9d6e61ae6!8m2!3d21.116648!4d106.2765208!16s%2Fg%2F11h6nswrsr!19sChIJ-b1_QMp3NTER5hrm1tmd6dE?authuser=0&hl=vi&rclk=1,21.116547100406276,106.2766494
Trạm thu phí Phả Lại,Phả Lại,13602049340,Trạm thu phí Phả Lại,25.1,13602049337,Trạm thu phí Phả Lại,21.116672400406284,106.2764928,https://www.google.com/maps/place/Tr%E1%BA%A1m+Thu+ph%C3%AD+Ph%E1%BA%A3+L%E1%BA%A1i/data=!4m7!3m6!1s0x313577ca407fbdf9:0xd1e99dd9d6e61ae6!8m2!3d21.116648!4d106.2765208!16s%2Fg%2F11h6nswrsr!19sChIJ-b1_QMp3NTER5hrm1tmd6dE?authuser=0&hl=vi&rclk=1,21.11649740040628,106.2766454
Trạm thu phí Phả Lại,Phả Lại,13602049340,Trạm thu phí Phả Lại,30.5,13602049336,Trạm thu phí Phả Lại,21.116672400406284,106.2764928,https://www.google.com/maps/place/Tr%E1%BA%A1m+Thu+ph%C3%AD+Ph%E1%BA%A3+L%E1%BA%A1i/data=!4m7!3m6!1s0x313577ca407fbdf9:0xd1e99dd9d6e61ae6!8m2!3d21.116648!4d106.2765208!16s%2Fg%2F11h6nswrsr!19sChIJ-b1_QMp3NTER5hrm1tmd6dE?authuser=0&hl=vi&rclk=1,21.116436500406273,106.27664279999999
Trạm thu phí Quán Hàu,Quán Hàu,1175282468,Trạm thu phí Quán Hàu,7.3,12508683081,Trạm Thu Phí Quán Hàu,17.391885866330295,106.64694542224848,https://www.google.com/maps/place/Tr%E1%BA%A1m+Thu+ph%C3%AD+Qu%C3%A1n+H%C3%A0u/data=!4m7!3m6!1s0x3147539981c55555:0xf8546d4d21b7dde!8m2!3d17.3918904!4d106.6469287!16s%2Fg%2F11cs3j_h5z!19sChIJVVXFgZlTRzER3n0b0tRGhQ8?authuser=0&hl=vi&rclk=1,17.391948100175817,106.64696579999999
Trạm thu phí Quán Hàu,Quán Hàu,1175282468,Trạm thu phí Quán Hàu,8.4,12508683078,Trạm Thu Phí Quán Hàu,17.391885866330295,106.64694542224848,https://www.google.com/maps/place/Tr%E1%BA%A1m+Thu+ph%C3%AD+Qu%C3%A1n+H%C3%A0u/data=!4m7!3m6!1s0x3147539981c55555:0xf8546d4d21b7dde!8m2!3d17.3918904!4d106.6469287!16s%2Fg%2F11cs3j_h5z!19sChIJVVXFgZlTRzER3n0b0tRGhQ8?authuser=0&hl=vi&rclk=1,17.391815000175807,106.64691859999999
Trạm thu phí Số 1 - Quốc lộ 5,Quốc Lộ 5 Trạm số 1 Hưng Yên,481837637,Trạm thu phí số 1,0.0,481837637,Trạm thu phí số 1,20.9492920004034,106.01254389999998,https://www.google.com/maps/place/Tr%E1%BA%A1m+Thu+ph%C3%AD+S%E1%BB%91+1+-+Qu%E1%BB%91c+l%E1%BB%99+5/data=!4m7!3m6!1s0x3135a5611a298687:0x7923b12f71f9f315!8m2!3d20.9493367!4d106.0125573!16s%2Fg%2F11mprbskjr!19sChIJh4YpGmGlNTERFfP5cS-xI3k?authuser=0&hl=vi&rclk=1,20.9492920004034,106.01254389999998
Trạm thu phí Số 1 - Quốc lộ 5,Quốc Lộ 5 Trạm số 1 Hưng Yên,481837637,Trạm thu phí số 1,5.4,12309517555,Trạm thu phí số 1,20.9492920004034,106.01254389999998,https://www.google.com/maps/place/Tr%E1%BA%A1m+Thu+ph%C3%AD+S%E1%BB%91+1+-+Qu%E1%BB%91c+l%E1%BB%99+5/data=!4m7!3m6!1s0x3135a5611a298687:0x7923b12f71f9f315!8m2!3d20.9493367!4d106.0125573!16s%2Fg%2F11mprbskjr!19sChIJh4YpGmGlNTERFfP5cS-xI3k?authuser=0&hl=vi&rclk=1,20.949248800403392,106.0125208
Trạm thu phí Số 1 - Quốc lộ 5,Quốc Lộ 5 Trạm số 1 Hưng Yên,481837637,Trạm thu phí số 1,9.9,12309517556,Trạm thu phí số 1,20.9492920004034,106.01254389999998,https://www.google.com/maps/place/Tr%E1%BA%A1m+Thu+ph%C3%AD+S%E1%BB%91+1+-+Qu%E1%BB%91c+l%E1%BB%99+5/data=!4m7!3m6!1s0x3135a5611a298687:0x7923b12f71f9f315!8m2!3d20.9493367!4d106.0125573!16s%2Fg%2F11mprbskjr!19sChIJh4YpGmGlNTERFfP5cS-xI3k?authuser=0&hl=vi&rclk=1,20.949213700403398,106.0124985
Trạm thu phí Số 1 - Quốc lộ 5,Quốc Lộ 5 Trạm số 1 Hưng Yên,481837637,Trạm thu phí số 1,11.2,4780704122,Trạm thu phí số 1,20.9492920004034,106.01254389999998,https://www.google.com/maps/place/Tr%E1%BA%A1m+Thu+ph%C3%AD+S%E1%BB%91+1+-+Qu%E1%BB%91c+l%E1%BB%99+5/data=!4m7!3m6!1s0x3135a5611a298687:0x7923b12f71f9f315!8m2!3d20.9493367!4d106.0125573!16s%2Fg%2F11mprbskjr!19sChIJh4YpGmGlNTERFfP5cS-xI3k?authuser=0&hl=vi&rclk=1,20.9493750004034,106.0124822
Trạm thu phí Số 1 - Quốc lộ 5,Quốc Lộ 5 Trạm số 1 Hưng Yên,481837637,Trạm thu phí số 1,13.9,12309517558,Trạm thu phí số 1,20.9492920004034,106.01254389999998,https://www.google.com/maps/place/Tr%E1%BA%A1m+Thu+ph%C3%AD+S%E1%BB%91+1+-+Qu%E1%BB%91c+l%E1%BB%99+5/data=!4m7!3m6!1s0x3135a5611a298687:0x7923b12f71f9f315!8m2!3d20.9493367!4d106.0125573!16s%2Fg%2F11mprbskjr!19sChIJh4YpGmGlNTERFfP5cS-xI3k?authuser=0&hl=vi&rclk=1,20.9494109004034,106.01250129999998
Trạm thu phí Số 1 - Quốc lộ 5,Quốc Lộ 5 Trạm số 1 Hưng Yên,481837637,Trạm thu phí số 1,14.4,12309517557,Trạm thu phí số 1,20.9492920004034,106.01254389999998,https://www.google.com/maps/place/Tr%E1%BA%A1m+Thu+ph%C3%AD+S%E1%BB%91+1+-+Qu%E1%BB%91c+l%E1%BB%99+5/data=!4m7!3m6!1s0x3135a5611a298687:0x7923b12f71f9f315!8m2!3d20.9493367!4d106.0125573!16s%2Fg%2F11mprbskjr!19sChIJh4YpGmGlNTERFfP5cS-xI3k?authuser=0&hl=vi&rclk=1,20.949175600403393,106.01248279999999
Trạm thu phí Số 1 - Quốc lộ 5,Quốc Lộ 5 Trạm số 1 Hưng Yên,481837637,Trạm thu phí số 1,17.2,12309517563,Trạm thu phí số 1,20.9492920004034,106.01254389999998,https://www.google.com/maps/place/Tr%E1%BA%A1m+Thu+ph%C3%AD+S%E1%BB%91+1+-+Qu%E1%BB%91c+l%E1%BB%99+5/data=!4m7!3m6!1s0x3135a5611a298687:0x7923b12f71f9f315!8m2!3d20.9493367!4d106.0125573!16s%2Fg%2F11mprbskjr!19sChIJh4YpGmGlNTERFfP5cS-xI3k?authuser=0&hl=vi&rclk=1,20.9494454004034,106.0125201
Trạm thu phí Số 1 - Quốc lộ 5,Quốc Lộ 5 Trạm số 1 Hưng Yên,481837637,Trạm thu phí số 1,22.4,12309517564,Trạm thu phí số 1,20.9492920004034,106.01254389999998,https://www.google.com/maps/place/Tr%E1%BA%A1m+Thu+ph%C3%AD+S%E1%BB%91+1+-+Qu%E1%BB%91c+l%E1%BB%99+5/data=!4m7!3m6!1s0x3135a5611a298687:0x7923b12f71f9f315!8m2!3d20.9493367!4d106.0125573!16s%2Fg%2F11mprbskjr!19sChIJh4YpGmGlNTERFfP5cS-xI3k?authuser=0&hl=vi&rclk=1,20.949493100403405,106.01253580000001
Trạm thu phí Số 2 - Quốc lộ 5,Quốc Lộ 5 Trạm số 2 Hải Phòng,10185562123,Trạm thu phí Số 2 - Quốc lộ 5,0.0,10185562123,Trạm thu phí Số 2 - Quốc lộ 5,20.90844120040257,106.5726631,https://www.google.com/maps/place/Tr%E1%BA%A1m+Thu+ph%C3%AD+S%E1%BB%91+2+-+Qu%E1%BB%91c+l%E1%BB%99+5/data=!4m7!3m6!1s0x314a78e66e0cd1e1:0x7e47aa60a24902c!8m2!3d20.9085704!4d106.5726339!16s%2Fg%2F1hc4yhvrv!19sChIJ4dEMbuZ4SjERLJAkCqZ65Ac?authuser=0&hl=vi&rclk=1,20.90844120040257,106.5726631
Trạm thu phí Số 2 - Quốc lộ 5,Quốc Lộ 5 Trạm số 2 Hải Phòng,10185562123,Trạm thu phí Số 2 - Quốc lộ 5,19.1,2488973632,Trạm thu phí Số 2 - Quốc lộ 5,20.90844120040257,106.5726631,https://www.google.com/maps/place/Tr%E1%BA%A1m+Thu+ph%C3%AD+S%E1%BB%91+2+-+Qu%E1%BB%91c+l%E1%BB%99+5/data=!4m7!3m6!1s0x314a78e66e0cd1e1:0x7e47aa60a24902c!8m2!3d20.9085704!4d106.5726339!16s%2Fg%2F1hc4yhvrv!19sChIJ4dEMbuZ4SjERLJAkCqZ65Ac?authuser=0&hl=vi&rclk=1,20.908566100402577,106.5727889
Trạm thu phí Suối Giữa,Suối Giữa,1012928174,Trạm thu phí Suối Giữa,12.3,1410617983,Trạm thu phí Suối Giữa,11.005232549469996,106.6456086332862,https://www.google.com/maps/place/Tr%E1%BA%A1m+Thu+ph%C3%AD+Su%E1%BB%91i+Gi%E1%BB%AFa/data=!4m7!3m6!1s0x3174d128d66efa31:0x21f2d3b77828b988!8m2!3d11.0052367!4d106.6456296!16s%2Fg%2F1td67ckn!19sChIJMfpu1ijRdDERiLkoeLfT8iE?authuser=0&hl=vi&rclk=1,11.005242899499002,106.6457209
Trạm thu phí Suối Giữa,Suối Giữa,1012928174,Trạm thu phí Suối Giữa,14.1,1410617877,Trạm thu phí Suối Giữa,11.005232549469996,106.6456086332862,https://www.google.com/maps/place/Tr%E1%BA%A1m+Thu+ph%C3%AD+Su%E1%BB%91i+Gi%E1%BB%AFa/data=!4m7!3m6!1s0x3174d128d66efa31:0x21f2d3b77828b988!8m2!3d11.0052367!4d106.6456296!16s%2Fg%2F1td67ckn!19sChIJMfpu1ijRdDERiLkoeLfT8iE?authuser=0&hl=vi&rclk=1,11.005175799498996,106.64549340000002
Trạm thu phí An Hiệp,Sóc Trăng,10198601713,Trạm thu phí An Hiệp,0.0,10198601713,Trạm thu phí An Hiệp,9.659737599422748,105.9312135,https://www.google.com/maps/place/Tr%E1%BA%A1m+Thu+ph%C3%AD+An+Hi%E1%BB%87p/data=!4m7!3m6!1s0x31a051ad371bd7e9:0x703b5ac78f1e479e!8m2!3d9.6596264!4d105.9312819!16s%2Fg%2F11c208q_qg!19sChIJ6dcbN61RoDERnkcej8daO3A?authuser=0&hl=vi&rclk=1,9.659737599422748,105.9312135
Trạm thu phí An Hiệp,Sóc Trăng,10198601713,Trạm thu phí An Hiệp,6.3,8675816002,Trạm thu phí An Hiệp,9.659737599422748,105.9312135,https://www.google.com/maps/place/Tr%E1%BA%A1m+Thu+ph%C3%AD+An+Hi%E1%BB%87p/data=!4m7!3m6!1s0x31a051ad371bd7e9:0x703b5ac78f1e479e!8m2!3d9.6596264!4d105.9312819!16s%2Fg%2F11c208q_qg!19sChIJ6dcbN61RoDERnkcej8daO3A?authuser=0&hl=vi&rclk=1,9.659701599422746,105.9311692
Trạm thu phí Sông Phan,Sông Phan,1588276876,Trạm thu phí Sông Phan,0.0,1588276876,Trạm thu phí Sông Phan,10.87528119948984,107.93136599999998,https://www.google.com/maps/place/Tr%E1%BA%A1m+Thu+ph%C3%AD+S%C3%B4ng+Phan/data=!4m7!3m6!1s0x31742c15db7d2153:0xa11541de968563f!8m2!3d10.8753228!4d107.9313434!16s%2Fg%2F11c59txqjd!19sChIJUyF92xUsdDERP1Zo6R1UEQo?authuser=0&hl=vi&rclk=1,10.875281199489839,107.93136599999998
Trạm thu phí Sông Phan,Sông Phan,1588276876,Trạm thu phí Sông Phan,11.8,7755579004,Trạm thu phí Sông Phan,10.87528119948984,107.93136599999998,https://www.google.com/maps/place/Tr%E1%BA%A1m+Thu+ph%C3%AD+S%C3%B4ng+Phan/data=!4m7!3m6!1s0x31742c15db7d2153:0xa11541de968563f!8m2!3d10.8753228!4d107.9313434!16s%2Fg%2F11c59txqjd!19sChIJUyF92xUsdDERP1Zo6R1UEQo?authuser=0&hl=vi&rclk=1,10.875200299489833,107.93143659999998
Trạm thu phí Dương Kinh,TL 353,1329847084,Trạm thu phí Dương Kinh,7.9,10156874568,Trạm thu phí Dương Kinh,20.7761463003996,106.72394325,https://www.google.com/maps/place/Tr%E1%BA%A1m+Thu+ph%C3%AD+D%C6%B0%C6%A1ng+Kinh/data=!4m7!3m6!1s0x314a6e29dc6eb3d7:0x47710169a3932e3d!8m2!3d20.7761144!4d106.7239025!16s%2Fg%2F11b5wkj957!19sChIJ17Nu3CluSjERPS6To2kBcUc?authuser=0&hl=vi&rclk=1,20.776193900399583,106.72388699999999
Trạm thu phí Dương Kinh,TL 353,1329847084,Trạm thu phí Dương Kinh,14.8,10739323562,Trạm thu phí Dương Kinh,20.7761463003996,106.72394325,https://www.google.com/maps/place/Tr%E1%BA%A1m+Thu+ph%C3%AD+D%C6%B0%C6%A1ng+Kinh/data=!4m7!3m6!1s0x314a6e29dc6eb3d7:0x47710169a3932e3d!8m2!3d20.7761144!4d106.7239025!16s%2Fg%2F11b5wkj957!19sChIJ17Nu3CluSjERPS6To2kBcUc?authuser=0&hl=vi&rclk=1,20.776051600399583,106.72404389999998
Trạm thu phí Tam Nông,Tam Nông,1038124365,Trạm thu phí Tam Nông,12.4,9561565208,Trạm thu phí Tam Nông,21.24329240040793,105.3260393,"https://www.google.com/maps/place/Tr%E1%BA%A1m+Thu+ph%C3%AD+Tam+N%C3%B4ng/@21.2433177,105.3260139,17z/data=!3m1!4b1!4m6!3m5!1s0x31348c0816a298f9:0xb237504939c3d56e!8m2!3d21.2433177!4d105.3260139!16s%2Fg%2F11g8pdhrsq?entry=ttu&g_ep=EgoyMDI2MDYwMS4wIKXMDSoASAFQAw%3D%3D",21.24339890040794,105.3260741
Trạm thu phí Tam Nông,Tam Nông,1038124365,Trạm thu phí Tam Nông,15.1,9561565207,Trạm thu phí Tam Nông,21.24329240040793,105.3260393,"https://www.google.com/maps/place/Tr%E1%BA%A1m+Thu+ph%C3%AD+Tam+N%C3%B4ng/@21.2433177,105.3260139,17z/data=!3m1!4b1!4m6!3m5!1s0x31348c0816a298f9:0xb237504939c3d56e!8m2!3d21.2433177!4d105.3260139!16s%2Fg%2F11g8pdhrsq?entry=ttu&g_ep=EgoyMDI2MDYwMS4wIKXMDSoASAFQAw%3D%3D",21.243162800407934,105.32599429999999
Trạm thu phí TASCO Quảng Bình,Tasco Quảng Bình,668714123,Trạm thu phí TASCO Quảng Bình,0.0,668714123,Trạm thu phí TASCO Quảng Bình,17.890236200223878,106.4508467,https://www.google.com/maps/place/Tr%E1%BA%A1m+Thu+Ph%C3%AD+TASCO+Qu%E1%BA%A3ng+B%C3%ACnh/data=!4m7!3m6!1s0x31389ca4896368dd:0xbb5d35eb986ccd39!8m2!3d17.8902161!4d106.4509095!16s%2Fg%2F11bw6rr5bk!19sChIJ3WhjiaScODEROc1smOs1Xbs?authuser=0&hl=vi&rclk=1,17.890236200223878,106.45084669999999
Trạm thu phí TASCO Quảng Bình,Tasco Quảng Bình,668714123,Trạm thu phí TASCO Quảng Bình,28.9,6761364760,Trạm thu phí TASCO Quảng Bình,17.890236200223878,106.4508467,https://www.google.com/maps/place/Tr%E1%BA%A1m+Thu+Ph%C3%AD+TASCO+Qu%E1%BA%A3ng+B%C3%ACnh/data=!4m7!3m6!1s0x31389ca4896368dd:0xbb5d35eb986ccd39!8m2!3d17.8902161!4d106.4509095!16s%2Fg%2F11bw6rr5bk!19sChIJ3WhjiaScODEROc1smOs1Xbs?authuser=0&hl=vi&rclk=1,17.890155300223867,106.45110589999999
Trạm thu phí Thanh Lương,Thanh Lương,1012698037,Trạm thu phí Thành Lương,7.2,9342995387,Trạm thu phí Thành Lương,11.72278312473486,106.58323898498924,"https://www.google.com/maps/place/Tr%E1%BA%A1m+Thu+ph%C3%AD+Thanh+L%C6%B0%C6%A1ng/@11.7228358,106.5832213,17z/data=!3m1!4b1!4m6!3m5!1s0x317352566b1731d1:0x952d7636d99090a2!8m2!3d11.7228358!4d106.5832213!16s%2Fg%2F11hcfs9kl4?entry=ttu&g_ep=EgoyMDI2MDYwMS4wIKXMDSoASAFQAw%3D%3D",11.722761299555813,106.58317690000001
Trạm thu phí Thanh Lương,Thanh Lương,1012698037,Trạm thu phí Thành Lương,7.3,9342995380,Trạm thu phí Thành Lương,11.72278312473486,106.58323898498924,"https://www.google.com/maps/place/Tr%E1%BA%A1m+Thu+ph%C3%AD+Thanh+L%C6%B0%C6%A1ng/@11.7228358,106.5832213,17z/data=!3m1!4b1!4m6!3m5!1s0x317352566b1731d1:0x952d7636d99090a2!8m2!3d11.7228358!4d106.5832213!16s%2Fg%2F11hcfs9kl4?entry=ttu&g_ep=EgoyMDI2MDYwMS4wIKXMDSoASAFQAw%3D%3D",11.722811699555816,106.58329979999999
Trạm thu phí Ô Môn,Thu phí T1 QL91,5003536551,Trạm thu phí Ô Môn,0.0,5003536551,Trạm thu phí Ô Môn,10.111776099443633,105.6487572,https://www.google.com/maps/place/Tr%E1%BA%A1m+Thu+ph%C3%AD+%C3%94+M%C3%B4n/data=!4m7!3m6!1s0x31a084511a24338b:0x8f7ac6a951b07597!8m2!3d10.1117168!4d105.6489778!16s%2Fg%2F11fz038bjp!19sChIJizMkGlGEoDERl3WwUanGeo8?authuser=0&hl=vi&rclk=1,10.111776099443631,105.64875719999999
Trạm thu phí Ô Môn,Thu phí T1 QL91,5003536551,Trạm thu phí Ô Môn,201.0,10981892053,Trạm thu phí Ô Môn,10.111776099443633,105.6487572,https://www.google.com/maps/place/Tr%E1%BA%A1m+Thu+ph%C3%AD+%C3%94+M%C3%B4n/data=!4m7!3m6!1s0x31a084511a24338b:0x8f7ac6a951b07597!8m2!3d10.1117168!4d105.6489778!16s%2Fg%2F11fz038bjp!19sChIJizMkGlGEoDERl3WwUanGeo8?authuser=0&hl=vi&rclk=1,10.112289899443656,105.6469968
Trạm thu phí QL14-BP - Trạm thu phí đồng xoài,Thu phí số 2 QL14,1508894331,Trạm thu phí QL14-BP - Trạm thu phí đồng xoài,0.0,1508894331,Trạm thu phí QL14-BP - Trạm thu phí đồng xoài,11.564025999542377,106.95400569999998,https://www.google.com/maps/place/Tr%E1%BA%A1m+thu+ph%C3%AD+QL14-BP/data=!4m7!3m6!1s0x3173602a2c0a61e1:0xa4badaaa66676dab!8m2!3d11.5640759!4d106.9539611!16s%2Fg%2F11bw4rjnv7!19sChIJ4WEKLCpgczERq21nZqrauqQ?authuser=0&hl=vi&rclk=1,11.564025999542377,106.95400569999998
Trạm thu phí QL14-BP - Trạm thu phí đồng xoài,Thu phí số 2 QL14,1508894331,Trạm thu phí QL14-BP - Trạm thu phí đồng xoài,18.0,12460992510,Trạm thu phí QL14-BP - Trạm thu phí đồng xoài,11.564025999542377,106.95400569999998,https://www.google.com/maps/place/Tr%E1%BA%A1m+thu+ph%C3%AD+QL14-BP/data=!4m7!3m6!1s0x3173602a2c0a61e1:0xa4badaaa66676dab!8m2!3d11.5640759!4d106.9539611!16s%2Fg%2F11bw4rjnv7!19sChIJ4WEKLCpgczERq21nZqrauqQ?authuser=0&hl=vi&rclk=1,11.564145599542384,106.95389489999998
Trạm thu phí Thuận Phú,Thuận Phú,1254808120,Trạm thu phí Thanh Phú,5.9,11664675878,Trạm thu phí Thanh Phú,11.577375420033396,106.89440792879918,"https://www.google.com/maps/place/Tr%E1%BA%A1m+Thu+ph%C3%AD+Thu%E1%BA%ADn+Ph%C3%BA/@11.577385,106.8944299,17z/data=!3m1!4b1!4m6!3m5!1s0x31735fede04f5499:0xe17d0fd408be040f!8m2!3d11.577385!4d106.8944299!16s%2Fg%2F11dztsbsz7?entry=ttu&g_ep=EgoyMDI2MDYwMS4wIKXMDSoASAFQAw%3D%3D",11.577405899543491,106.8944521
Trạm thu phí Thuận Phú,Thuận Phú,1254808120,Trạm thu phí Thanh Phú,7.2,11664673965,Trạm thu phí Thanh Phú,11.577375420033396,106.89440792879918,"https://www.google.com/maps/place/Tr%E1%BA%A1m+Thu+ph%C3%AD+Thu%E1%BA%ADn+Ph%C3%BA/@11.577385,106.8944299,17z/data=!3m1!4b1!4m6!3m5!1s0x31735fede04f5499:0xe17d0fd408be040f!8m2!3d11.577385!4d106.8944299!16s%2Fg%2F11dztsbsz7?entry=ttu&g_ep=EgoyMDI2MDYwMS4wIKXMDSoASAFQAw%3D%3D",11.577340199543483,106.89435220000001
Trạm thu phí Thái Nguyên - Chợ Mới,Thái Nguyên Chợ Mới,10001978675,Trạm thu phí Thái Nguyên - Chợ Mới,0.0,10001978675,Trạm thu phí Thái Nguyên - Chợ Mới,21.644076800410176,105.7861744,https://www.google.com/maps/place/Tr%E1%BA%A1m+Thu+ph%C3%AD+Th%C3%A1i+Nguy%C3%AAn+-+Ch%E1%BB%A3+M%E1%BB%9Bi/data=!4m7!3m6!1s0x3135273f0771d727:0x210d570178faf1cb!8m2!3d21.6440945!4d105.7859992!16s%2Fg%2F11gh9nqsfy!19sChIJJ9dxBz8nNTERy_H6eAFXDSE?authuser=0&hl=vi&rclk=1,21.644076800410176,105.7861744
Trạm thu phí Thái Nguyên - Chợ Mới,Thái Nguyên Chợ Mới,10001978675,Trạm thu phí Thái Nguyên - Chợ Mới,14.4,10001978672,Trạm thu phí Thái Nguyên - Chợ Mới,21.644076800410176,105.7861744,https://www.google.com/maps/place/Tr%E1%BA%A1m+Thu+ph%C3%AD+Th%C3%A1i+Nguy%C3%AAn+-+Ch%E1%BB%A3+M%E1%BB%9Bi/data=!4m7!3m6!1s0x3135273f0771d727:0x210d570178faf1cb!8m2!3d21.6440945!4d105.7859992!16s%2Fg%2F11gh9nqsfy!19sChIJJ9dxBz8nNTERy_H6eAFXDSE?authuser=0&hl=vi&rclk=1,21.64411570041018,105.78630679999999
Trạm thu phí Tiên Cựu,Tiên Cựu,6864061670,Trạm thu phí Tiên Cựu,0.0,6864061670,Trạm thu phí Tiên Cựu,20.7766163003996,106.5080382,https://www.google.com/maps/place/Tr%E1%BA%A1m+Thu+ph%C3%AD+Ti%C3%AAn+C%E1%BB%B1u/data=!4m7!3m6!1s0x31358996beaaaaab:0x6a486293c9c3760b!8m2!3d20.7764367!4d106.5076222!16s%2Fg%2F1tnkzw90!19sChIJq6qqvpaJNTERC3bDyZNiSGo?authuser=0&hl=vi&rclk=1,20.7766163003996,106.5080382
Trạm thu phí Tiên Cựu,Tiên Cựu,6864061670,Trạm thu phí Tiên Cựu,43.2,642099797,Trạm thu phí Tiên Cựu,20.7766163003996,106.5080382,https://www.google.com/maps/place/Tr%E1%BA%A1m+Thu+ph%C3%AD+Ti%C3%AAn+C%E1%BB%B1u/data=!4m7!3m6!1s0x31358996beaaaaab:0x6a486293c9c3760b!8m2!3d20.7764367!4d106.5076222!16s%2Fg%2F1tnkzw90!19sChIJq6qqvpaJNTERC3bDyZNiSGo?authuser=0&hl=vi&rclk=1,20.776531200399596,106.50844329999998
Trạm Thu phí Toàn Mỹ 14 (Km 1807+500),Toàn Mỹ (Đắk Nông),10198600410,Trạm Thu phí Toàn Mỹ 14 (Km 1807+500),0.0,10198600410,Trạm Thu phí Toàn Mỹ 14 (Km 1807+500),12.56122269963406,107.822395,https://www.google.com/maps/place/Tr%E1%BA%A1m+Thu+ph%C3%AD+To%C3%A0n+M%E1%BB%B9+14+%28Km+1807%2B500%29/data=!4m7!3m6!1s0x31723d7d49a62fa1:0x9c3247a01095829f!8m2!3d12.561158!4d107.8223793!16s%2Fg%2F11clwlnqkc!19sChIJoS-mSX09cjERn4KVEKBHMpw?authuser=0&hl=vi&rclk=1,12.56122269963406,107.82239499999999
Trạm Thu phí Toàn Mỹ 14 (Km 1807+500),Toàn Mỹ (Đắk Nông),10198600410,Trạm Thu phí Toàn Mỹ 14 (Km 1807+500),27.5,10198600409,Trạm Thu phí Toàn Mỹ 14 (Km 1807+500),12.56122269963406,107.822395,https://www.google.com/maps/place/Tr%E1%BA%A1m+Thu+ph%C3%AD+To%C3%A0n+M%E1%BB%B9+14+%28Km+1807%2B500%29/data=!4m7!3m6!1s0x31723d7d49a62fa1:0x9c3247a01095829f!8m2!3d12.561158!4d107.8223793!16s%2Fg%2F11clwlnqkc!19sChIJoS-mSX09cjERn4KVEKBHMpw?authuser=0&hl=vi&rclk=1,12.560980699634033,107.8223441
Trạm thu phí Bù Nho,Trạm Bù Nho,10898426413,Trạm thu phí Bù Nho,0,10898426413,Trạm thu phí Bù Nho,11.727515863906032,106.87504140773216,"https://www.google.com/maps/place/Tr%E1%BA%A1m+Thu+ph%C3%AD+B%C3%B9+Nho/@11.7275712,106.8751126,17z/data=!3m1!4b1!4m6!3m5!1s0x31735d0004067931:0x7902a27e6cbe0b27!8m2!3d11.7275712!4d106.8751126!16s%2Fg%2F11x0r07bk1?entry=ttu&g_ep=EgoyMDI2MDYwMS4wIKXMDSoASAFQAw%3D%3D",11.7275496,106.8750701
Trạm Thu phí Cầu Mỹ Lợi,Trạm Thu phí Cầu Mỹ Lợi,1173001123,Trạm thu phí Cầu Mỹ Lợi,8.1,10898771282,Trạm thu phí Cầu Mỹ Lợi,10.4628468907798,106.64416358295638,https://www.google.com/maps/place/Tr%E1%BA%A1m+Thu+ph%C3%AD+C%E1%BA%A7u+M%E1%BB%B9+L%E1%BB%A3i/data=!4m7!3m6!1s0x3175490032074ceb:0x6e86643a587f772!8m2!3d10.462812!4d106.6441482!16s%2Fg%2F11m5xwk7l6!19sChIJ60wHMgBJdTERcveHpUNm6AY?authuser=0&hl=vi&rclk=1,10.46282109946322,106.64409429999999
Trạm Thu phí Cầu Mỹ Lợi,Trạm Thu phí Cầu Mỹ Lợi,1173001123,Trạm thu phí Cầu Mỹ Lợi,9.5,10898771287,Trạm thu phí Cầu Mỹ Lợi,10.4628468907798,106.64416358295638,https://www.google.com/maps/place/Tr%E1%BA%A1m+Thu+ph%C3%AD+C%E1%BA%A7u+M%E1%BB%B9+L%E1%BB%A3i/data=!4m7!3m6!1s0x3175490032074ceb:0x6e86643a587f772!8m2!3d10.462812!4d106.6441482!16s%2Fg%2F11m5xwk7l6!19sChIJ60wHMgBJdTERcveHpUNm6AY?authuser=0&hl=vi&rclk=1,10.462879399463224,106.6442439
Trạm Thu phí Km 49+550 Quốc lộ 19,Trạm Thu phí Km 49+550 Quốc lộ 19,8938682367,Trạm thu phí Tây Sơn,0.0,8938682367,Trạm thu phí Tây Sơn,13.944511999783748,108.8577499,https://www.google.com/maps/place/Tr%E1%BA%A1m+Thu+ph%C3%AD+Km+49%2B550+Qu%E1%BB%91c+l%E1%BB%99+19/data=!4m7!3m6!1s0x316f21ab0426cb95:0xb40209057c93a604!8m2!3d13.9444574!4d108.8577785!16s%2Fg%2F11f4qbw89g!19sChIJlcsmBKshbzERBKaTfAUJArQ?authuser=0&hl=vi&rclk=1,13.944511999783748,108.8577499
Trạm Thu phí Km 49+550 Quốc lộ 19,Trạm Thu phí Km 49+550 Quốc lộ 19,8938682367,Trạm thu phí Tây Sơn,8.0,7698662812,Trạm thu phí Tây Sơn,13.944511999783748,108.8577499,https://www.google.com/maps/place/Tr%E1%BA%A1m+Thu+ph%C3%AD+Km+49%2B550+Qu%E1%BB%91c+l%E1%BB%99+19/data=!4m7!3m6!1s0x316f21ab0426cb95:0xb40209057c93a604!8m2!3d13.9444574!4d108.8577785!16s%2Fg%2F11f4qbw89g!19sChIJlcsmBKshbzERBKaTfAUJArQ?authuser=0&hl=vi&rclk=1,13.944580999783758,108.857772
Trạm Thu phí Km 49+550 Quốc lộ 19,Trạm Thu phí Km 49+550 Quốc lộ 19,8938682367,Trạm thu phí Tây Sơn,8.7,7698662805,Trạm thu phí Tây Sơn,13.944511999783748,108.8577499,https://www.google.com/maps/place/Tr%E1%BA%A1m+Thu+ph%C3%AD+Km+49%2B550+Qu%E1%BB%91c+l%E1%BB%99+19/data=!4m7!3m6!1s0x316f21ab0426cb95:0xb40209057c93a604!8m2!3d13.9444574!4d108.8577785!16s%2Fg%2F11f4qbw89g!19sChIJlcsmBKshbzERBKaTfAUJArQ?authuser=0&hl=vi&rclk=1,13.944441099783743,108.8577157
Trạm Thu phí Xa Lộ Hà Nội,Trạm Xa Lộ - Hà Nội,6775351396,Trạm thu phí Xa lộ Hà Nội,0.0,6775351396,Trạm thu phí Xa lộ Hà Nội,10.819014499485986,106.75793189999999,https://www.google.com/maps/place/Tr%E1%BA%A1m+Thu+ph%C3%AD+Xa+L%E1%BB%99+H%C3%A0+N%E1%BB%99i/data=!4m7!3m6!1s0x31752778bb989779:0xc6030065798eb994!8m2!3d10.81902!4d106.7579055!16s%2Fg%2F11srjkf37v!19sChIJeZeYu3gndTERlLmOeWUAA8Y?authuser=0&hl=vi&rclk=1,10.819014499485986,106.75793189999999
Trạm Thu phí Xa Lộ Hà Nội,Trạm Xa Lộ - Hà Nội,6775351396,Trạm thu phí Xa lộ Hà Nội,80.9,366367389,Trạm thu phí Xa lộ Hà Nội,10.819014499485986,106.75793189999999,https://www.google.com/maps/place/Tr%E1%BA%A1m+Thu+ph%C3%AD+Xa+L%E1%BB%99+H%C3%A0+N%E1%BB%99i/data=!4m7!3m6!1s0x31752778bb989779:0xc6030065798eb994!8m2!3d10.81902!4d106.7579055!16s%2Fg%2F11srjkf37v!19sChIJeZeYu3gndTERlLmOeWUAA8Y?authuser=0&hl=vi&rclk=1,10.81970679948603,106.75816089999998
Trạm Thu phí Xa Lộ Hà Nội,Trạm Xa Lộ - Hà Nội,6775351396,Trạm thu phí Xa lộ Hà Nội,494.7,2028466031,Trạm thu phí Xa lộ Hà Nội,10.819014499485986,106.75793189999999,https://www.google.com/maps/place/Tr%E1%BA%A1m+Thu+ph%C3%AD+Xa+L%E1%BB%99+H%C3%A0+N%E1%BB%99i/data=!4m7!3m6!1s0x31752778bb989779:0xc6030065798eb994!8m2!3d10.81902!4d106.7579055!16s%2Fg%2F11srjkf37v!19sChIJeZeYu3gndTERlLmOeWUAA8Y?authuser=0&hl=vi&rclk=1,10.823282199486274,106.7592111
Trạm thu phí hầm Hải Vân,Trạm thu phí Bắc Hầm Hải Vân,668605383,Trạm Thu Phí Hải Vân,0.0,668605383,Trạm Thu Phí Hải Vân,16.228360900050603,108.0847514,https://www.google.com/maps/place/Tr%E1%BA%A1m+thu+ph%C3%AD+h%E1%BA%A7m+H%E1%BA%A3i+V%C3%A2n/data=!4m7!3m6!1s0x31422724a0fd76b3:0x9bbe411651e81dea!8m2!3d16.2285227!4d108.0847222!16s%2Fg%2F11c311d05k!19sChIJs3b9oCQnQjER6h3oURZBvps?authuser=0&hl=vi&rclk=1,16.228360900050603,108.08475139999999
Trạm thu phí hầm Hải Vân,Trạm thu phí Bắc Hầm Hải Vân,668605383,Trạm Thu Phí Hải Vân,45.2,6860231502,Trạm Thu Phí Hải Vân,16.228360900050603,108.0847514,https://www.google.com/maps/place/Tr%E1%BA%A1m+thu+ph%C3%AD+h%E1%BA%A7m+H%E1%BA%A3i+V%C3%A2n/data=!4m7!3m6!1s0x31422724a0fd76b3:0x9bbe411651e81dea!8m2!3d16.2285227!4d108.0847222!16s%2Fg%2F11c311d05k!19sChIJs3b9oCQnQjER6h3oURZBvps?authuser=0&hl=vi&rclk=1,16.228739800050644,108.0845968
Trạm thu phí Trảng Bom,Trảng Bom,1093353487,Trạm thu phí Trảng Bom,8.0,6859528659,Trạm Thu Phí Trảng Bom,10.945379057786033,107.05745417583005,https://www.google.com/maps/place/Tr%E1%BA%A1m+Thu+ph%C3%AD+Tr%E1%BA%A3ng+Bom/data=!4m7!3m6!1s0x3174e481b1d33e3b:0xcb649026b77d9c51!8m2!3d10.9453765!4d107.0574443!16s%2Fg%2F11f126nh_4!19sChIJOz7TsYHkdDERUZx9tyaQZMs?authuser=0&hl=vi&rclk=1,10.945307099494734,107.0574564
Trạm thu phí Trảng Bom,Trảng Bom,1093353487,Trạm thu phí Trảng Bom,11.1,6859528658,Trạm Thu Phí Trảng Bom,10.945379057786033,107.05745417583005,https://www.google.com/maps/place/Tr%E1%BA%A1m+Thu+ph%C3%AD+Tr%E1%BA%A3ng+Bom/data=!4m7!3m6!1s0x3174e481b1d33e3b:0xcb649026b77d9c51!8m2!3d10.9453765!4d107.0574443!16s%2Fg%2F11f126nh_4!19sChIJOz7TsYHkdDERUZx9tyaQZMs?authuser=0&hl=vi&rclk=1,10.945477199494743,107.05747299999999
Trạm thu phí Tân Khai,Tân Khai,176792793,Trạm thu phí Tân Khai,4.3,9201409504,Trạm thu phí Tân Khai,11.56984940463746,106.61733226303792,https://www.google.com/maps/place/Tr%E1%BA%A1m+Thu+ph%C3%AD+T%C3%A2n+Khai/data=!4m7!3m6!1s0x3174aa1007de5f09:0xe6c7970884833633!8m2!3d11.569838!4d106.6173185!16s%2Fg%2F11b7vjkjnb!19sChIJCV_eBxCqdDERMzaDhAiXx-Y?authuser=0&hl=vi&rclk=1,11.569827399542856,106.61730029999998
Trạm thu phí Tân Khai,Tân Khai,176792793,Trạm thu phí Tân Khai,10.8,9201409503,Trạm thu phí Tân Khai,11.56984940463746,106.61733226303792,https://www.google.com/maps/place/Tr%E1%BA%A1m+Thu+ph%C3%AD+T%C3%A2n+Khai/data=!4m7!3m6!1s0x3174aa1007de5f09:0xe6c7970884833633!8m2!3d11.569838!4d106.6173185!16s%2Fg%2F11b7vjkjnb!19sChIJCV_eBxCqdDERMzaDhAiXx-Y?authuser=0&hl=vi&rclk=1,11.569817499542857,106.61742629999999
Trạm thu phí Tân Lập,Tân Lập,1020149679,Trạm thu phí Tân Lập,8.3,3290081451,Trạm thu phí Tân Lập,11.38815642549126,106.82561830415916,"https://www.google.com/maps/place/Tr%E1%BA%A1m+thu+ph%C3%AD+T%C3%A2n+L%E1%BA%ADp,+X%C3%A3+An+B%C3%ACnh,+H.Ph%C3%BA+Gi%C3%A1o,+T.B%C3%ACnh+D%C6%B0%C6%A1ng,+%C4%90T741,+%C4%90%E1%BB%93ng+Ph%C3%BA,+%C4%90%E1%BB%93ng+Nai,+Vi%E1%BB%87t+Nam/@11.3881366,106.8255669,17z/data=!3m1!4b1!4m6!3m5!1s0x3174bcaeea80752f:0x90f2d4af4970423e!8m2!3d11.3881366!4d106.8255669!16s%2Fg%2F12vqky4jf?entry=ttu&g_ep=EgoyMDI2MDYwMS4wIKXMDSoASAFQAw%3D%3D",11.388117599528044,106.82568369999998
Trạm thu phí Tân Lập,Tân Lập,1020149679,Trạm thu phí Tân Lập,12.5,3290081450,Trạm thu phí Tân Lập,11.38815642549126,106.82561830415916,"https://www.google.com/maps/place/Tr%E1%BA%A1m+thu+ph%C3%AD+T%C3%A2n+L%E1%BA%ADp,+X%C3%A3+An+B%C3%ACnh,+H.Ph%C3%BA+Gi%C3%A1o,+T.B%C3%ACnh+D%C6%B0%C6%A1ng,+%C4%90T741,+%C4%90%E1%BB%93ng+Ph%C3%BA,+%C4%90%E1%BB%93ng+Nai,+Vi%E1%BB%87t+Nam/@11.3881366,106.8255669,17z/data=!3m1!4b1!4m6!3m5!1s0x3174bcaeea80752f:0x90f2d4af4970423e!8m2!3d11.3881366!4d106.8255669!16s%2Fg%2F12vqky4jf?entry=ttu&g_ep=EgoyMDI2MDYwMS4wIKXMDSoASAFQAw%3D%3D",11.388165699528047,106.8255043
Trạm thu phí Tư Nghĩa,Tư Nghĩa,6860315448,Trạm thu phí Tư Nghĩa,0.0,6860315448,Trạm thu phí Tư Nghĩa,15.063467799914788,108.8395454,https://www.google.com/maps/place/Tr%E1%BA%A1m+Thu+ph%C3%AD+T%C6%B0+Ngh%C4%A9a/data=!4m7!3m6!1s0x31685500638749d5:0x6128d340a90eed14!8m2!3d15.0633587!4d108.8391931!16s%2Fg%2F11vx4fnwwm!19sChIJ1UmHYwBVaDERFO0OqUDTKGE?authuser=0&hl=vi&rclk=1,15.063467799914788,108.83954539999999
Trạm thu phí Tư Nghĩa,Tư Nghĩa,6860315448,Trạm thu phí Tư Nghĩa,11.0,6860315447,Trạm thu phí Tư Nghĩa,15.063467799914788,108.8395454,https://www.google.com/maps/place/Tr%E1%BA%A1m+Thu+ph%C3%AD+T%C6%B0+Ngh%C4%A9a/data=!4m7!3m6!1s0x31685500638749d5:0x6128d340a90eed14!8m2!3d15.0633587!4d108.8391931!16s%2Fg%2F11vx4fnwwm!19sChIJ1UmHYwBVaDERFO0OqUDTKGE?authuser=0&hl=vi&rclk=1,15.063521799914794,108.8396307
Trạm thu phí Cầu Văn Lang,Văn Lang,6563222996,Trạm thu phí Cầu Văn Lang,0.0,6563222996,Trạm thu phí Cầu Văn Lang,21.285534900408383,105.4040101,https://www.google.com/maps/place/Tr%E1%BA%A1m+Thu+ph%C3%AD+C%E1%BA%A7u+V%C4%83n+Lang/data=!4m7!3m6!1s0x31348d76680dd1b1:0x7c8d79fa31cadab1!8m2!3d21.2855318!4d105.4040457!16s%2Fg%2F11gmcc9sjt!19sChIJsdENaHaNNDERsdrKMfp5jXw?authuser=0&hl=vi&rclk=1,21.285534900408386,105.4040101
Trạm thu phí Cầu Văn Lang,Văn Lang,6563222996,Trạm thu phí Cầu Văn Lang,10.5,11155182564,Trạm thu phí Cầu Văn Lang,21.285534900408383,105.4040101,https://www.google.com/maps/place/Tr%E1%BA%A1m+Thu+ph%C3%AD+C%E1%BA%A7u+V%C4%83n+Lang/data=!4m7!3m6!1s0x31348d76680dd1b1:0x7c8d79fa31cadab1!8m2!3d21.2855318!4d105.4040457!16s%2Fg%2F11gmcc9sjt!19sChIJsdENaHaNNDERsdrKMfp5jXw?authuser=0&hl=vi&rclk=1,21.285486200408386,105.4040964
Trạm thu phí Vĩnh Phú,Vĩnh Phú,1007900115,Trạm thu phí Vĩnh Phú,7.3,6859613337,Trạm Thu phí Vĩnh Phú,10.88681552674493,106.69970961752706,"https://www.google.com/maps/place/Tr%E1%BA%A1m+thu+ph%C3%AD+V%C4%A9nh+Ph%C3%BA,+32+%C4%90%E1%BA%A1i+l%E1%BB%99+B%C3%ACnh+D%C6%B0%C6%A1ng,+Khu+Ph%E1%BB%91,+L%C3%A1i+Thi%C3%AAu,+H%E1%BB%93+Ch%C3%AD+Minh,+Vi%E1%BB%87t+Nam/@10.886839,106.6996894,17z/data=!3m1!4b1!4m6!3m5!1s0x3174d7dd570203ff:0x4ea22707fe549840!8m2!3d10.886868!4d106.6997385!16s%2Fg%2F11bvtgt33s?entry=ttu&g_ep=EgoyMDI2MDYwMS4wIKXMDSoASAFQAw%3D%3D",10.886816199490639,106.6997767
Trạm thu phí Vĩnh Phú,Vĩnh Phú,11921627309,Trạm thu phí Vĩnh Phú,239.6,11921627309,Trạm thu phí Vĩnh Phú,10.88681552674493,106.69970961752706,"https://www.google.com/maps/place/Tr%E1%BA%A1m+thu+ph%C3%AD+V%C4%A9nh+Ph%C3%BA,+32+%C4%90%E1%BA%A1i+l%E1%BB%99+B%C3%ACnh+D%C6%B0%C6%A1ng,+Khu+Ph%E1%BB%91,+L%C3%A1i+Thi%C3%AAu,+H%E1%BB%93+Ch%C3%AD+Minh,+Vi%E1%BB%87t+Nam/@10.886839,106.6996894,17z/data=!3m1!4b1!4m6!3m5!1s0x3174d7dd570203ff:0x4ea22707fe549840!8m2!3d10.886868!4d106.6997385!16s%2Fg%2F11bvtgt33s?entry=ttu&g_ep=EgoyMDI2MDYwMS4wIKXMDSoASAFQAw%3D%3D",10.888731999490767,106.7007135
Trạm thu phí Xuân Mai - Hòa Bình,Xuân Mai Hòa Bình,12452756354,Trạm Thu Phí Lương Sơn,4.9,13892995819,Trạm Thu Phí Lương Sơn,20.87036550040176,105.513756,https://www.google.com/maps/place/Tr%E1%BA%A1m+thu+ph%C3%AD+Xu%C3%A2n+Mai+-+H%C3%B2a+B%C3%ACnh/data=!4m7!3m6!1s0x313445381aaa7d43:0x55caab985c2053a8!8m2!3d20.8703058!4d105.5135751!16s%2Fg%2F11vhcc0vy7!19sChIJQ32qGjhFNDERqFMgXJirylU?authuser=0&hl=vi&rclk=1,20.870353600401764,105.51380179999998
Trạm thu phí Cầu Yên Lệnh,Yên Lệnh,10198957829,Trạm thu phí Cầu Yên Lệnh,0.0,10198957829,Trạm thu phí Cầu Yên Lệnh,20.65895350039653,106.0490359,https://www.google.com/maps/place/Tr%E1%BA%A1m+Thu+ph%C3%AD+C%E1%BA%A7u+Y%C3%AAn+L%E1%BB%87nh/data=!4m7!3m6!1s0x3135c700037e47a5:0x32dc3f5499b24201!8m2!3d20.6589395!4d106.0489839!16s%2Fg%2F11x0pqc_4x!19sChIJpUd-AwDHNTERAUKymVQ_3DI?authuser=0&hl=vi&rclk=1,20.658953500396535,106.0490359
Trạm thu phí Cầu Yên Lệnh,Yên Lệnh,10198957829,Trạm thu phí Cầu Yên Lệnh,12.3,6611106749,Trạm thu phí Cầu Yên Lệnh,20.65895350039653,106.0490359,https://www.google.com/maps/place/Tr%E1%BA%A1m+Thu+ph%C3%AD+C%E1%BA%A7u+Y%C3%AAn+L%E1%BB%87nh/data=!4m7!3m6!1s0x3135c700037e47a5:0x32dc3f5499b24201!8m2!3d20.6589395!4d106.0489839!16s%2Fg%2F11x0pqc_4x!19sChIJpUd-AwDHNTERAUKymVQ_3DI?authuser=0&hl=vi&rclk=1,20.65884270039653,106.04903
Trạm thu phí Đông Hà,Đông Hà,3516472469,Trạm thu phí Đông Hà,0.0,3516472469,Trạm Thu Phí Đông Hà,16.785203600112425,107.1500252,https://www.google.com/maps/place/Tr%E1%BA%A1m+Thu+ph%C3%AD+%C4%90%C3%B4ng+H%C3%A0/data=!4m7!3m6!1s0x3140e4fdc035c6b7:0x135f715620cbe283!8m2!3d16.7850177!4d107.1498289!16s%2Fg%2F11c533czsz!19sChIJt8Y1wP3kQDERg-LLIFZxXxM?authuser=0&hl=vi&rclk=1,16.785203600112425,107.1500252
Trạm thu phí Đông Hà,Đông Hà,3516472469,Trạm thu phí Đông Hà,10.2,3516472470,Trạm Thu Phí Đông Hà,16.785203600112425,107.1500252,https://www.google.com/maps/place/Tr%E1%BA%A1m+Thu+ph%C3%AD+%C4%90%C3%B4ng+H%C3%A0/data=!4m7!3m6!1s0x3140e4fdc035c6b7:0x135f715620cbe283!8m2!3d16.7850177!4d107.1498289!16s%2Fg%2F11c533czsz!19sChIJt8Y1wP3kQDERg-LLIFZxXxM?authuser=0&hl=vi&rclk=1,16.785278300112438,107.1500815
Trạm thu phí Đông Hưng,Đông Hưng,10198933880,Trạm thu phí Đông Hưng,0.0,10198933880,Trạm Thu Phí Đông Hưng,20.558728600393625,106.3679126,https://www.google.com/maps/place/Tr%E1%BA%A1m+Thu+ph%C3%AD+%C4%90%C3%B4ng+H%C6%B0ng/data=!4m7!3m6!1s0x3135f1b207fca00d:0x428ce67d76d2a404!8m2!3d20.5588202!4d106.3680508!16s%2Fg%2F11jn_wbm53!19sChIJDaD8B7LxNTERBKTSdn3mjEI?authuser=0&hl=vi&rclk=1,20.558728600393625,106.3679126
Trạm thu phí Đông Hưng,Đông Hưng,10198933880,Trạm thu phí Đông Hưng,61.5,10198933877,Trạm Thu Phí Đông Hưng,20.558728600393625,106.3679126,https://www.google.com/maps/place/Tr%E1%BA%A1m+Thu+ph%C3%AD+%C4%90%C3%B4ng+H%C6%B0ng/data=!4m7!3m6!1s0x3135f1b207fca00d:0x428ce67d76d2a404!8m2!3d20.5588202!4d106.3680508!16s%2Fg%2F11jn_wbm53!19sChIJDaD8B7LxNTERBKTSdn3mjEI?authuser=0&hl=vi&rclk=1,20.558233900393613,106.3676487
Trạm Thu phí Số 2A - ĐT768,Đường 768,9301617876,Trạm Thu Phí Đường 768,0.0,9301617876,Trạm Thu Phí Đường 768,10.980256428744656,106.84771107495057,https://www.google.com/maps/place/Tr%E1%BA%A1m+Thu+ph%C3%AD+S%E1%BB%91+2A+-+%C4%90T768/data=!4m7!3m6!1s0x3174dc46d3da13fd:0x10bbcd18e0ce849f!8m2!3d10.980267!4d106.8478114!16s%2Fg%2F1tftz0z5!19sChIJ_RPa00bcdDERn4TO4BjNuxA?authuser=0&hl=vi&rclk=1,10.977092699496986,106.84924939999999
Trạm Thu phí Số 2A - ĐT768,Đường 768,9301617876,Trạm Thu Phí Đường 768,6.8,9290026136,Trạm Thu Phí Đường 768,10.980256428744656,106.84771107495057,https://www.google.com/maps/place/Tr%E1%BA%A1m+Thu+ph%C3%AD+S%E1%BB%91+2A+-+%C4%90T768/data=!4m7!3m6!1s0x3174dc46d3da13fd:0x10bbcd18e0ce849f!8m2!3d10.980267!4d106.8478114!16s%2Fg%2F1tftz0z5!19sChIJ_RPa00bcdDERn4TO4BjNuxA?authuser=0&hl=vi&rclk=1,10.976797699496965,106.84942749999999
Trạm thu phí quốc lộ 18 - Đại Yên,Đại Yên,12788166743,Trạm thu phí quốc lộ 18 - Đại Yên,0.0,12788166743,Trạm Thu Phí Đại Yên,20.986202800404104,106.9030714,https://www.google.com/maps/place/Tr%E1%BA%A1m+thu+ph%C3%AD+qu%E1%BB%91c+l%E1%BB%99+18+-+%C4%90%E1%BA%A1i+Y%C3%AAn/data=!4m7!3m6!1s0x314a60050ad29099:0x76c2328f03f5f7f2!8m2!3d20.986069!4d106.9028201!16s%2Fg%2F11c56rdw99!19sChIJmZDSCgVgSjER8vf1A48ywnY?authuser=0&hl=vi&rclk=1,20.986202800404104,106.90307139999999
Trạm thu phí quốc lộ 18 - Đại Yên,Đại Yên,12788166743,Trạm thu phí quốc lộ 18 - Đại Yên,4.7,12788166742,Trạm Thu Phí Đại Yên,20.986202800404104,106.9030714,https://www.google.com/maps/place/Tr%E1%BA%A1m+thu+ph%C3%AD+qu%E1%BB%91c+l%E1%BB%99+18+-+%C4%90%E1%BA%A1i+Y%C3%AAn/data=!4m7!3m6!1s0x314a60050ad29099:0x76c2328f03f5f7f2!8m2!3d20.986069!4d106.9028201!16s%2Fg%2F11c56rdw99!19sChIJmZDSCgVgSjER8vf1A48ywnY?authuser=0&hl=vi&rclk=1,20.986230800404105,106.9031059
Trạm thu phí quốc lộ 18 - Đại Yên,Đại Yên,12788166743,Trạm thu phí quốc lộ 18 - Đại Yên,9.7,10206196463,Trạm Thu Phí Đại Yên,20.986202800404104,106.9030714,https://www.google.com/maps/place/Tr%E1%BA%A1m+thu+ph%C3%AD+qu%E1%BB%91c+l%E1%BB%99+18+-+%C4%90%E1%BA%A1i+Y%C3%AAn/data=!4m7!3m6!1s0x314a60050ad29099:0x76c2328f03f5f7f2!8m2!3d20.986069!4d106.9028201!16s%2Fg%2F11c56rdw99!19sChIJmZDSCgVgSjER8vf1A48ywnY?authuser=0&hl=vi&rclk=1,20.986260100404095,106.9031421
Trạm thu phí quốc lộ 18 - Đại Yên,Đại Yên,12788166743,Trạm thu phí quốc lộ 18 - Đại Yên,15.7,12788166736,Trạm Thu Phí Đại Yên,20.986202800404104,106.9030714,https://www.google.com/maps/place/Tr%E1%BA%A1m+thu+ph%C3%AD+qu%E1%BB%91c+l%E1%BB%99+18+-+%C4%90%E1%BA%A1i+Y%C3%AAn/data=!4m7!3m6!1s0x314a60050ad29099:0x76c2328f03f5f7f2!8m2!3d20.986069!4d106.9028201!16s%2Fg%2F11c56rdw99!19sChIJmZDSCgVgSjER8vf1A48ywnY?authuser=0&hl=vi&rclk=1,20.9862956004041,106.90318589999998
Trạm thu phí quốc lộ 18 - Đại Yên,Đại Yên,12788166743,Trạm thu phí quốc lộ 18 - Đại Yên,20.9,12788166737,Trạm Thu Phí Đại Yên,20.986202800404104,106.9030714,https://www.google.com/maps/place/Tr%E1%BA%A1m+thu+ph%C3%AD+qu%E1%BB%91c+l%E1%BB%99+18+-+%C4%90%E1%BA%A1i+Y%C3%AAn/data=!4m7!3m6!1s0x314a60050ad29099:0x76c2328f03f5f7f2!8m2!3d20.986069!4d106.9028201!16s%2Fg%2F11c56rdw99!19sChIJmZDSCgVgSjER8vf1A48ywnY?authuser=0&hl=vi&rclk=1,20.986326100404103,106.9032235
Trạm thu phí quốc lộ 18 - Đại Yên,Đại Yên,12788166743,Trạm thu phí quốc lộ 18 - Đại Yên,28.3,12788166738,Trạm Thu Phí Đại Yên,20.986202800404104,106.9030714,https://www.google.com/maps/place/Tr%E1%BA%A1m+thu+ph%C3%AD+qu%E1%BB%91c+l%E1%BB%99+18+-+%C4%90%E1%BA%A1i+Y%C3%AAn/data=!4m7!3m6!1s0x314a60050ad29099:0x76c2328f03f5f7f2!8m2!3d20.986069!4d106.9028201!16s%2Fg%2F11c56rdw99!19sChIJmZDSCgVgSjER8vf1A48ywnY?authuser=0&hl=vi&rclk=1,20.986369700404104,106.90327729999998
Trạm thu phí quốc lộ 18 - Đại Yên,Đại Yên,12788166743,Trạm thu phí quốc lộ 18 - Đại Yên,33.9,12788166739,Trạm Thu Phí Đại Yên,20.986202800404104,106.9030714,https://www.google.com/maps/place/Tr%E1%BA%A1m+thu+ph%C3%AD+qu%E1%BB%91c+l%E1%BB%99+18+-+%C4%90%E1%BA%A1i+Y%C3%AAn/data=!4m7!3m6!1s0x314a60050ad29099:0x76c2328f03f5f7f2!8m2!3d20.986069!4d106.9028201!16s%2Fg%2F11c56rdw99!19sChIJmZDSCgVgSjER8vf1A48ywnY?authuser=0&hl=vi&rclk=1,20.986402400404106,106.90331769999999
Trạm thu phí quốc lộ 18 - Đại Yên,Đại Yên,12788166743,Trạm thu phí quốc lộ 18 - Đại Yên,39.7,6347268130,Trạm Thu Phí Đại Yên,20.986202800404104,106.9030714,https://www.google.com/maps/place/Tr%E1%BA%A1m+thu+ph%C3%AD+qu%E1%BB%91c+l%E1%BB%99+18+-+%C4%90%E1%BA%A1i+Y%C3%AAn/data=!4m7!3m6!1s0x314a60050ad29099:0x76c2328f03f5f7f2!8m2!3d20.986069!4d106.9028201!16s%2Fg%2F11c56rdw99!19sChIJmZDSCgVgSjER8vf1A48ywnY?authuser=0&hl=vi&rclk=1,20.986436900404108,106.9033602
Trạm thu phí quốc lộ 18 - Đại Yên,Đại Yên,12788166743,Trạm thu phí quốc lộ 18 - Đại Yên,45.1,12788166740,Trạm Thu Phí Đại Yên,20.986202800404104,106.9030714,https://www.google.com/maps/place/Tr%E1%BA%A1m+thu+ph%C3%AD+qu%E1%BB%91c+l%E1%BB%99+18+-+%C4%90%E1%BA%A1i+Y%C3%AAn/data=!4m7!3m6!1s0x314a60050ad29099:0x76c2328f03f5f7f2!8m2!3d20.986069!4d106.9028201!16s%2Fg%2F11c56rdw99!19sChIJmZDSCgVgSjER8vf1A48ywnY?authuser=0&hl=vi&rclk=1,20.986468400404107,106.90339919999998
Trạm thu phí quốc lộ 18 - Đại Yên,Đại Yên,12788166743,Trạm thu phí quốc lộ 18 - Đại Yên,50.4,12788166741,Trạm Thu Phí Đại Yên,20.986202800404104,106.9030714,https://www.google.com/maps/place/Tr%E1%BA%A1m+thu+ph%C3%AD+qu%E1%BB%91c+l%E1%BB%99+18+-+%C4%90%E1%BA%A1i+Y%C3%AAn/data=!4m7!3m6!1s0x314a60050ad29099:0x76c2328f03f5f7f2!8m2!3d20.986069!4d106.9028201!16s%2Fg%2F11c56rdw99!19sChIJmZDSCgVgSjER8vf1A48ywnY?authuser=0&hl=vi&rclk=1,20.986499900404098,106.903438
Trạm thu phí Đắk Song,Đắk Song,10826144165,Trạm thu phí Đắk Song,0.0,10826144165,Trạm Thu Phí Đắk Song,12.188447599597843,107.6377142,https://www.google.com/maps/place/Tr%E1%BA%A1m+Thu+ph%C3%AD+%C4%90%E1%BA%AFk+Song/data=!4m7!3m6!1s0x3173b50e4072701b:0x71e0ee2bb31561b0!8m2!3d12.1883894!4d107.6376395!16s%2Fg%2F11g9jdd5jv!19sChIJG3ByQA61czERsGEVsyvu4HE?authuser=0&hl=vi&rclk=1,12.188447599597845,107.6377142
Trạm thu phí Đắk Song,Đắk Song,10826144165,Trạm thu phí Đắk Song,25.6,10826144162,Trạm Thu Phí Đắk Song,12.188447599597843,107.6377142,https://www.google.com/maps/place/Tr%E1%BA%A1m+Thu+ph%C3%AD+%C4%90%E1%BA%AFk+Song/data=!4m7!3m6!1s0x3173b50e4072701b:0x71e0ee2bb31561b0!8m2!3d12.1883894!4d107.6376395!16s%2Fg%2F11g9jdd5jv!19sChIJG3ByQA61czERsGEVsyvu4HE?authuser=0&hl=vi&rclk=1,12.18830929959783,107.6375256
Trạm thu phí Định An,Định An,1403291202,Trạm thu phí Định An,0.0,1403291202,Trạm Thu Phí Định An,11.859633899567774,108.4578695,https://www.google.com/maps/place/Tr%E1%BA%A1m+Thu+ph%C3%AD+%C4%90%E1%BB%8Bnh+An/data=!4m7!3m6!1s0x3171152517aff5fb:0x3e3680188227dae6!8m2!3d11.859578!4d108.4578873!16s%2Fg%2F11h4tp2lx8!19sChIJ-_WvFyUVcTER5tonghiANj4?authuser=0&hl=vi&rclk=1,11.859633899567774,108.4578695
Trạm thu phí Định An,Định An,1403291202,Trạm thu phí Định An,15.5,1403291172,Trạm Thu Phí Định An,11.859633899567774,108.4578695,https://www.google.com/maps/place/Tr%E1%BA%A1m+Thu+ph%C3%AD+%C4%90%E1%BB%8Bnh+An/data=!4m7!3m6!1s0x3171152517aff5fb:0x3e3680188227dae6!8m2!3d11.859578!4d108.4578873!16s%2Fg%2F11h4tp2lx8!19sChIJ-_WvFyUVcTER5tonghiANj4?authuser=0&hl=vi&rclk=1,11.859588099567771,108.4580042
Trạm thu phí Định An,Định An,1403291202,Trạm thu phí Định An,17.6,1403291272,Trạm Thu Phí Định An,11.859633899567774,108.4578695,https://www.google.com/maps/place/Tr%E1%BA%A1m+Thu+ph%C3%AD+%C4%90%E1%BB%8Bnh+An/data=!4m7!3m6!1s0x3171152517aff5fb:0x3e3680188227dae6!8m2!3d11.859578!4d108.4578873!16s%2Fg%2F11h4tp2lx8!19sChIJ-_WvFyUVcTER5tonghiANj4?authuser=0&hl=vi&rclk=1,11.859676699567775,108.4577136
Trạm thu phí Định An,Định An,1403291202,Trạm thu phí Định An,36.3,1403291300,Trạm Thu Phí Định An,11.859633899567774,108.4578695,https://www.google.com/maps/place/Tr%E1%BA%A1m+Thu+ph%C3%AD+%C4%90%E1%BB%8Bnh+An/data=!4m7!3m6!1s0x3171152517aff5fb:0x3e3680188227dae6!8m2!3d11.859578!4d108.4578873!16s%2Fg%2F11h4tp2lx8!19sChIJ-_WvFyUVcTER5tonghiANj4?authuser=0&hl=vi&rclk=1,11.859722599567782,108.4575487
Trạm thu phí Đức Hoà,Đức Hòa,10196742008,Trạm thu phí Đức Hoà,0.0,10196742008,Trạm Thu Phí Đức Hòa,10.777566299483194,106.4394739,https://www.google.com/maps/place/Tr%E1%BA%A1m+Thu+ph%C3%AD+%C4%90%E1%BB%A9c+Ho%C3%A0/data=!4m7!3m6!1s0x310ad1c84f4b2801:0x3eff6385689e3e84!8m2!3d10.7775302!4d106.4394929!16s%2Fg%2F11f76_4lfv!19sChIJAShLT8jRCjERhD6eaIVj_z4?authuser=0&hl=vi&rclk=1,10.777566299483194,106.43947390000001
Trạm thu phí Đức Hoà,Đức Hòa,10196742008,Trạm thu phí Đức Hoà,11.5,10198817951,Trạm Thu Phí Đức Hòa,10.777566299483194,106.4394739,https://www.google.com/maps/place/Tr%E1%BA%A1m+Thu+ph%C3%AD+%C4%90%E1%BB%A9c+Ho%C3%A0/data=!4m7!3m6!1s0x310ad1c84f4b2801:0x3eff6385689e3e84!8m2!3d10.7775302!4d106.4394929!16s%2Fg%2F11f76_4lfv!19sChIJAShLT8jRCjERhD6eaIVj_z4?authuser=0&hl=vi&rclk=1,10.77754869948319,106.43957729999998
Trạm thu phí Bù Nho,Trạm Bù Nho,10898426413,Trạm thu phí Bù Nho,5.0,10898426414,Trạm thu phí Bù Nho,11.727515863906032,106.87504140773216,"https://www.google.com/maps/place/Tr%E1%BA%A1m+Thu+ph%C3%AD+B%C3%B9+Nho/@11.7275712,106.8751126,17z/data=!3m1!4b1!4m6!3m5!1s0x31735d0004067931:0x7902a27e6cbe0b27!8m2!3d11.7275712!4d106.8751126!16s%2Fg%2F11x0r07bk1?entry=ttu&g_ep=EgoyMDI2MDYwMS4wIKXMDSoASAFQAw%3D%3D",11.7274809,106.8750080